market,target_date,temperature_2m,cloud_cover,shortwave_radiation,wind_speed_10m,cape,direct_radiation,diffuse_radiation,wind_gusts_10m,precipitation_probability,precipitation,vapour_pressure_deficit,et0_fao_evapotranspiration
atlanta,2026-06-03,78.0,3.5,8525.0,13.9428571429,0.0,6876.0,1649.0,38.9,0.0,0.0,2.0,5.61
atlanta,2026-06-04,81.6,0.0,8659.0,8.3071428571,0.0,7169.0,1490.0,16.2,0.0,0.0,2.57,6.17
atlanta,2026-06-05,86.8,93.3571428571,8466.0,8.5357142857,0.0,5803.0,2663.0,16.9,0.0,0.0,3.01,6.37
atlanta,2026-06-06,88.6,99.7857142857,8215.0,11.2714285714,0.0,5158.0,3057.0,22.0,0.0,0.0,3.25,6.59
atlanta,2026-06-07,84.9,100.0,3352.0,10.6785714286,610.0,303.0,3049.0,22.3,25.0,0.0,2.13,3.13
atlanta,2026-06-08,82.8,100.0,3223.0,4.7928571429,1720.0,56.0,3167.0,15.5,44.0,0.7,1.34,2.44
atlanta,2026-06-09,84.2,75.0714285714,4513.0,5.6928571429,2130.0,822.0,3691.0,14.8,27.0,0.0,1.76,3.42
atlanta,2026-06-10,85.8,71.6428571429,5593.0,7.7357142857,1600.0,1824.0,3769.0,17.3,10.0,0.0,2.03,4.2
atlanta,2026-06-11,91.1,23.5,6517.0,4.8928571429,2010.0,4572.0,1945.0,10.8,7.0,0.0,2.94,5.17
atlanta,2026-06-12,88.9,76.3571428571,5489.0,12.5285714286,1970.0,2174.0,3315.0,28.4,6.0,0.0,2.4,4.79
atlanta,2026-06-13,93.0,60.0,6880.0,10.5357142857,2230.0,4692.0,2188.0,19.4,8.0,0.0,3.23,5.84
atlanta,2026-06-14,88.5,85.9285714286,5113.0,17.3214285714,2130.0,2035.0,3078.0,42.1,16.0,0.0,2.29,4.69
atlanta,2026-06-15,85.3,100.0,7169.0,15.3857142857,260.0,3622.0,3547.0,31.0,11.0,0.0,2.43,5.51
atlanta,2026-06-16,81.2,100.0,4070.0,9.95,900.0,109.0,3961.0,37.4,57.0,5.2,1.42,2.89
atlanta,2026-06-17,85.9,60.3571428571,6334.0,12.9857142857,1850.0,3828.0,2506.0,36.7,20.0,0.0,1.9,4.61
atlanta,2026-06-18,84.2,100.0,3560.0,19.1571428571,2490.0,574.0,2986.0,53.6,50.0,1.9,1.32,2.86
atlanta,2026-06-19,83.9,97.2857142857,6878.0,10.7142857143,2910.0,3486.0,3392.0,33.1,22.0,0.0,1.44,4.72
atlanta,2026-06-20,84.0,93.7142857143,6603.0,7.95,1390.0,2142.0,4461.0,26.3,10.0,0.0,1.75,4.83
atlanta,2026-06-21,86.8,63.0714285714,7101.0,11.6214285714,930.0,4931.0,2170.0,26.6,10.0,0.0,2.09,5.27
atlanta,2026-06-22,88.4,72.2857142857,5884.0,20.0714285714,2060.0,2987.0,2897.0,46.4,30.0,0.0,2.21,4.72
atlanta,2026-06-23,80.1,38.6428571429,7267.0,21.9142857143,1310.0,4817.0,2450.0,53.3,6.0,0.0,1.68,4.93
atlanta,2026-06-24,88.1,29.9285714286,8420.0,6.9714285714,0.0,6638.0,1782.0,18.0,1.0,0.0,3.11,6.09
atlanta,2026-06-25,83.0,93.0,5034.0,8.5142857143,610.0,1017.0,4017.0,20.5,13.0,0.0,2.12,4.02
atlanta,2026-06-26,89.3,43.5714285714,6106.0,8.7785714286,1210.0,3786.0,2320.0,16.9,16.0,0.0,2.78,4.92
atlanta,2026-06-27,90.3,50.1428571429,5825.0,15.7642857143,1710.0,2769.0,3056.0,28.8,9.0,0.0,2.5,5.15
atlanta,2026-06-28,95.2,50.7857142857,7116.0,18.0857142857,1920.0,5483.0,1633.0,42.5,12.0,0.0,3.62,6.33
atlanta,2026-06-29,97.2,12.0714285714,7550.0,13.0071428571,1870.0,5990.0,1560.0,37.4,8.0,0.0,4.0,6.62
atlanta,2026-06-30,96.4,22.3571428571,6729.0,9.0785714286,2800.0,4336.0,2393.0,17.3,14.0,0.0,3.51,5.83
atlanta,2026-07-01,97.4,13.1428571429,7170.0,8.4142857143,2990.0,5371.0,1799.0,22.3,12.0,0.0,3.8,6.22
atlanta,2026-07-02,99.3,89.2857142857,7107.0,8.1,3580.0,3914.0,3193.0,21.6,9.0,0.0,4.42,6.25
atlanta,2026-07-03,97.2,67.5,5689.0,5.8714285714,4670.0,3427.0,2262.0,23.4,9.0,0.0,4.02,4.88
atlanta,2026-07-04,96.5,29.8571428571,6184.0,7.6214285714,1570.0,4676.0,1508.0,20.5,12.0,0.0,3.83,5.21
atlanta,2026-07-05,93.6,70.2857142857,6166.0,9.3142857143,1880.0,3325.0,2841.0,39.2,22.0,0.0,3.33,5.16
atlanta,2026-07-06,86.7,75.5,4707.0,8.8071428571,2220.0,2381.0,2326.0,26.3,27.0,1.4,2.0,3.48
atlanta,2026-07-07,92.4,33.5,7694.0,11.55,1910.0,5849.0,1845.0,20.5,10.0,0.0,3.06,6.08
atlanta,2026-07-08,91.9,26.7857142857,6169.0,13.1857142857,2190.0,4120.0,2049.0,24.1,6.0,0.0,2.98,5.38
atlanta,2026-07-09,92.1,43.6428571429,6583.0,15.9785714286,2340.0,4299.0,2284.0,36.7,20.0,2.5,3.1,5.9
atlanta,2026-07-10,90.2,88.5,5318.0,17.2857142857,2460.0,2479.0,2839.0,37.1,20.0,0.0,2.57,4.92
atlanta,2026-07-11,92.0,90.7857142857,5159.0,13.6928571429,2380.0,1720.0,3439.0,32.0,20.0,0.0,2.94,4.64
atlanta,2026-07-12,87.6,89.4285714286,4501.0,10.1142857143,2450.0,2280.0,2221.0,46.4,36.0,0.0,1.97,3.74
atlanta,2026-07-13,81.7,99.9285714286,3206.0,6.7428571429,2110.0,193.0,3013.0,23.0,37.0,6.8,1.14,2.52
atlanta,2026-07-14,79.4,98.0,3565.0,10.6571428571,2130.0,278.0,3287.0,38.2,44.0,6.5,0.63,2.41
atlanta,2026-07-15,84.8,72.8571428571,5040.0,4.8571428571,1820.0,2380.0,2660.0,17.3,23.0,0.0,1.55,3.66
atlanta,2026-07-16,88.4,48.2142857143,5037.0,13.3142857143,2080.0,2652.0,2385.0,23.4,18.0,0.0,2.15,4.39
atlanta,2026-07-17,91.5,57.7857142857,4790.0,14.8071428571,2620.0,2463.0,2327.0,28.4,21.0,0.0,2.72,4.56
atlanta,2026-07-18,90.8,59.9285714286,4033.0,12.7928571429,2490.0,2112.0,1921.0,28.1,12.0,0.0,2.45,3.92
atlanta,2026-07-19,94.3,69.5714285714,5473.0,10.8357142857,2100.0,2891.0,2582.0,24.8,31.0,13.3,3.38,4.92
atlanta,2026-07-20,95.8,31.2857142857,6812.0,11.0928571429,1640.0,5169.0,1643.0,20.5,14.0,0.0,4.09,5.98
atlanta,2026-07-21,92.5,58.1428571429,6396.0,15.0,1240.0,4938.0,1458.0,31.7,12.0,0.0,2.81,5.42
atlanta,2026-07-22,87.5,97.5714285714,4746.0,13.9928571429,2420.0,1207.0,3539.0,32.0,26.0,0.0,1.87,3.88
atlanta,2026-07-23,89.5,98.1428571429,3673.0,13.2642857143,2090.0,153.0,3520.0,31.3,20.0,0.0,2.38,3.44
atlanta,2026-07-24,89.8,85.5,4623.0,13.2571428571,2020.0,1364.0,3259.0,27.0,33.0,0.0,2.39,4.05
atlanta,2026-07-25,86.1,91.7142857143,4594.0,10.8857142857,2540.0,904.0,3690.0,42.8,37.0,0.0,1.91,3.39
atlanta,2026-07-26,88.2,57.8571428571,6672.0,12.7928571429,3360.0,3764.0,2908.0,32.0,16.0,0.0,2.14,4.96
atlanta,2026-07-27,89.1,90.3571428571,5861.0,12.4857142857,2550.0,1576.0,4285.0,49.7,18.0,14.8,2.11,4.54
atlanta,2026-07-28,96.8,52.3571428571,6448.0,13.6,2590.0,3547.0,2901.0,31.0,2.0,0.0,3.62,5.95
atlanta,2026-07-29,93.5,52.1428571429,5272.0,12.0285714286,2080.0,1243.0,4029.0,24.1,4.0,0.0,3.09,4.84
atlanta,2026-07-30,91.1,0.4285714286,7695.0,10.0571428571,30.0,5449.0,2246.0,25.2,0.0,0.0,3.34,6.19
austin,2026-06-03,89.0,60.6428571429,6106.0,10.1642857143,2890.0,4402.0,1704.0,20.9,15.0,0.0,2.33,4.71
austin,2026-06-04,82.3,94.4285714286,3512.0,7.8857142857,2030.0,937.0,2575.0,26.3,22.0,0.7,1.2,2.59
austin,2026-06-05,85.8,99.4285714286,5467.0,9.3357142857,2600.0,679.0,4788.0,22.3,30.0,0.0,1.64,4.08
austin,2026-06-06,85.8,78.5714285714,6341.0,9.1714285714,3580.0,2738.0,3603.0,28.4,18.0,0.0,1.22,4.54
austin,2026-06-07,91.6,100.0,6010.0,23.4,3600.0,2162.0,3848.0,43.6,5.0,0.0,2.17,5.02
austin,2026-06-08,87.3,59.0,5903.0,22.5714285714,2820.0,3418.0,2485.0,49.0,19.0,1.4,1.68,4.39
austin,2026-06-09,92.7,45.2142857143,6789.0,16.25,2170.0,5314.0,1475.0,40.3,9.0,36.7,2.67,5.27
austin,2026-06-10,89.1,56.4285714286,6216.0,17.0857142857,2310.0,4262.0,1954.0,31.7,8.0,0.0,2.14,4.79
austin,2026-06-11,88.2,52.7142857143,5947.0,22.2571428571,2970.0,3761.0,2186.0,44.6,4.0,0.0,1.64,4.57
austin,2026-06-12,91.6,62.7857142857,6653.0,14.1285714286,2080.0,4244.0,2409.0,28.4,10.0,0.0,2.37,5.51
austin,2026-06-13,90.4,77.9285714286,6555.0,16.0785714286,1950.0,4220.0,2335.0,32.4,9.0,0.0,2.34,5.29
austin,2026-06-14,89.0,88.9285714286,4046.0,8.3142857143,2730.0,1381.0,2665.0,29.9,29.0,3.6,1.68,3.24
austin,2026-06-15,82.4,99.9285714286,3266.0,8.3642857143,2240.0,93.0,3173.0,24.8,50.0,12.0,0.97,2.45
austin,2026-06-16,83.8,78.9285714286,5485.0,10.3928571429,2570.0,2461.0,3024.0,22.7,28.0,0.0,1.07,3.73
austin,2026-06-17,87.5,71.0714285714,6196.0,4.9,3200.0,2510.0,3686.0,12.6,4.0,0.4,1.53,4.59
austin,2026-06-18,92.9,66.9285714286,6644.0,19.75,4320.0,4102.0,2542.0,33.8,1.0,0.0,2.16,5.08
austin,2026-06-19,88.4,97.8571428571,4544.0,11.1071428571,4140.0,743.0,3801.0,40.3,12.0,0.7,1.46,3.59
austin,2026-06-20,88.7,82.4285714286,5308.0,14.4642857143,3310.0,2482.0,2826.0,34.6,30.0,19.8,1.66,4.0
austin,2026-06-21,88.8,40.1428571429,6774.0,20.9571428571,4140.0,4131.0,2643.0,40.0,17.0,0.4,1.34,4.69
austin,2026-06-22,91.2,41.5,7009.0,22.8285714286,3610.0,4700.0,2309.0,50.0,0.0,0.0,2.25,5.47
austin,2026-06-23,91.1,39.6428571429,7656.0,19.4071428571,2620.0,6004.0,1652.0,33.8,1.0,0.0,2.46,6.18
austin,2026-06-24,92.3,39.0,7928.0,18.0428571429,2070.0,6163.0,1765.0,35.6,0.0,0.0,2.84,6.39
austin,2026-06-25,91.6,37.0,7594.0,21.1714285714,1830.0,5587.0,2007.0,42.1,1.0,0.0,2.63,6.12
austin,2026-06-26,92.6,39.7857142857,7444.0,22.7214285714,2170.0,5458.0,1986.0,48.2,3.0,0.0,2.66,6.17
austin,2026-06-27,92.9,12.7857142857,8367.0,25.2285714286,1670.0,7030.0,1337.0,50.0,2.0,0.0,2.74,6.76
austin,2026-06-28,92.6,35.2142857143,7655.0,27.4142857143,2100.0,5759.0,1896.0,48.2,1.0,0.0,2.56,6.5
austin,2026-06-29,94.3,11.0714285714,8278.0,26.05,1680.0,7102.0,1176.0,47.9,0.0,0.0,3.19,7.1
austin,2026-06-30,94.2,20.1428571429,8236.0,19.3714285714,1440.0,6908.0,1328.0,36.4,2.0,0.0,3.38,6.94
austin,2026-07-01,94.6,20.7142857143,8085.0,15.9642857143,1390.0,6786.0,1299.0,31.0,3.0,0.0,3.55,6.78
austin,2026-07-02,95.1,30.1428571429,7826.0,12.6357142857,1920.0,6411.0,1415.0,32.0,10.0,0.4,3.43,6.51
austin,2026-07-03,95.0,28.8571428571,8013.0,12.2642857143,2090.0,6527.0,1486.0,27.4,4.0,0.0,3.37,6.45
austin,2026-07-04,96.6,90.0,8105.0,12.8214285714,1800.0,6685.0,1420.0,33.1,1.0,0.0,3.78,6.67
austin,2026-07-05,97.0,77.1428571429,7902.0,11.4071428571,2550.0,5789.0,2113.0,31.3,2.0,0.0,4.02,6.48
austin,2026-07-06,97.1,43.4285714286,8073.0,10.0857142857,2040.0,5732.0,2341.0,26.3,8.0,0.0,4.05,6.66
austin,2026-07-07,96.5,19.5714285714,8195.0,13.0428571429,2460.0,6834.0,1361.0,29.2,8.0,0.0,3.81,6.8
austin,2026-07-08,96.2,31.3571428571,8139.0,16.3,2670.0,6730.0,1409.0,29.5,2.0,0.0,3.84,6.88
austin,2026-07-09,96.1,4.1428571429,8099.0,18.8142857143,1480.0,6985.0,1114.0,38.5,1.0,0.0,3.71,7.3
austin,2026-07-10,92.6,39.7142857143,6928.0,19.8142857143,1350.0,4472.0,2456.0,33.1,11.0,0.0,2.81,6.11
austin,2026-07-11,87.5,74.6428571429,5722.0,13.0714285714,2180.0,1586.0,4136.0,46.4,24.0,0.0,1.65,4.27
austin,2026-07-12,91.1,66.1428571429,6366.0,12.1642857143,2120.0,2853.0,3513.0,27.0,15.0,0.0,2.49,4.9
austin,2026-07-13,93.0,90.8571428571,5324.0,10.8571428571,1740.0,1680.0,3644.0,39.2,31.0,34.2,2.89,4.29
austin,2026-07-14,81.3,95.9285714286,3056.0,13.0142857143,1830.0,435.0,2621.0,36.0,39.0,4.0,0.95,2.1
austin,2026-07-15,79.6,99.7142857143,3664.0,16.95,1100.0,128.0,3536.0,39.6,42.0,53.3,0.83,2.46
austin,2026-07-16,87.7,96.5,5002.0,12.9857142857,3970.0,1466.0,3536.0,36.0,25.0,11.2,1.52,3.71
austin,2026-07-17,93.0,100.0,7204.0,17.4142857143,2190.0,4318.0,2886.0,36.7,5.0,0.0,3.01,5.81
austin,2026-07-18,95.3,83.9285714286,7315.0,16.75,2260.0,5260.0,2055.0,35.3,1.0,0.0,3.62,6.08
austin,2026-07-19,94.9,61.7857142857,7828.0,12.8,2700.0,5900.0,1928.0,31.0,1.0,0.0,3.47,6.11
austin,2026-07-20,95.7,8.9285714286,8197.0,14.2071428571,1250.0,7144.0,1053.0,36.4,1.0,0.0,3.49,6.57
austin,2026-07-21,99.5,8.9285714286,8186.0,7.7571428571,890.0,7154.0,1032.0,23.4,1.0,0.0,4.64,6.66
austin,2026-07-22,104.3,57.2142857143,7486.0,6.55,1380.0,5810.0,1676.0,21.6,3.0,0.0,5.2,6.55
austin,2026-07-23,98.8,66.1428571429,7823.0,15.9214285714,1950.0,6149.0,1674.0,33.1,1.0,0.0,4.08,7.26
austin,2026-07-24,92.7,39.8571428571,6495.0,18.45,1460.0,4495.0,2000.0,36.0,16.0,0.0,2.87,5.43
austin,2026-07-25,95.5,63.5714285714,7870.0,15.6071428571,850.0,5565.0,2305.0,33.8,0.0,0.0,3.52,6.53
austin,2026-07-26,95.6,27.5,8037.0,14.2357142857,1030.0,6816.0,1221.0,32.4,0.0,0.0,3.61,6.54
austin,2026-07-27,97.2,14.3571428571,7997.0,17.25,860.0,6730.0,1267.0,40.3,0.0,0.0,4.02,6.82
austin,2026-07-28,97.6,6.4285714286,8008.0,16.15,920.0,6891.0,1117.0,38.5,1.0,0.0,3.81,6.73
austin,2026-07-29,96.9,68.7857142857,7605.0,14.8857142857,1030.0,5808.0,1797.0,34.2,0.0,0.0,3.69,6.37
austin,2026-07-30,98.0,56.6428571429,7553.0,14.8928571429,910.0,6185.0,1368.0,33.1,2.0,0.0,4.0,6.48
chicago,2026-06-03,83.9,70.4285714286,8524.0,10.45,0.0,6177.0,2347.0,22.0,0.0,0.0,3.25,6.57
chicago,2026-06-04,88.1,73.0714285714,8475.0,18.3928571429,0.0,6315.0,2160.0,36.7,0.0,0.0,3.44,7.33
chicago,2026-06-05,78.4,94.4285714286,4151.0,17.85,2040.0,697.0,3454.0,52.9,45.0,3.3,1.2,2.95
chicago,2026-06-06,88.3,49.0714285714,6395.0,14.3,2070.0,3881.0,2514.0,44.3,23.0,0.0,2.92,4.73
chicago,2026-06-07,84.8,70.3571428571,7466.0,16.7785714286,0.0,3999.0,3467.0,31.0,11.0,0.0,2.59,6.03
chicago,2026-06-08,84.8,96.1428571429,5961.0,14.2857142857,1770.0,2167.0,3794.0,36.7,42.0,6.1,1.71,4.54
chicago,2026-06-09,86.4,56.9285714286,6468.0,11.95,1610.0,3825.0,2643.0,25.2,23.0,0.0,1.8,4.65
chicago,2026-06-10,93.8,54.7857142857,6141.0,17.4928571429,3460.0,4618.0,1523.0,45.7,29.0,8.7,2.76,4.86
chicago,2026-06-11,88.8,86.0714285714,5826.0,21.1714285714,3550.0,2163.0,3663.0,73.1,61.0,0.0,1.99,4.6
chicago,2026-06-12,79.0,10.7142857143,8196.0,17.1142857143,120.0,6547.0,1649.0,34.9,0.0,0.0,1.79,5.36
chicago,2026-06-13,85.6,81.7142857143,7313.0,20.2642857143,2760.0,3971.0,3342.0,40.7,19.0,0.0,2.13,5.44
chicago,2026-06-14,70.0,46.2857142857,6911.0,17.5642857143,80.0,4164.0,2747.0,33.5,12.0,0.0,1.38,4.27
chicago,2026-06-15,77.0,56.4285714286,8113.0,17.05,160.0,5520.0,2593.0,33.5,2.0,0.0,2.25,5.76
chicago,2026-06-16,75.1,56.6428571429,6482.0,25.7928571429,940.0,4162.0,2320.0,51.8,30.0,0.0,1.87,4.9
chicago,2026-06-17,67.0,86.9285714286,1759.0,15.7142857143,140.0,71.0,1688.0,66.2,69.0,76.6,0.91,1.12
chicago,2026-06-18,70.2,55.5,5291.0,15.4214285714,690.0,1954.0,3337.0,51.1,7.0,2.9,0.83,2.98
chicago,2026-06-19,76.6,16.5714285714,8669.0,13.6071428571,400.0,7150.0,1519.0,33.5,4.0,0.0,2.03,5.81
chicago,2026-06-20,76.6,10.1428571429,7937.0,17.25,80.0,6324.0,1613.0,37.4,1.0,0.0,1.87,5.34
chicago,2026-06-21,73.3,100.0,3296.0,14.2642857143,100.0,6.0,3290.0,50.8,88.0,29.5,1.26,2.27
chicago,2026-06-22,69.7,27.5,7561.0,15.4357142857,240.0,5241.0,2320.0,36.0,7.0,0.0,0.61,4.0
chicago,2026-06-23,74.4,40.7142857143,8286.0,11.7142857143,60.0,5934.0,2352.0,25.9,0.0,0.0,1.69,5.11
chicago,2026-06-24,74.1,93.3571428571,3244.0,12.2142857143,660.0,186.0,3058.0,33.1,27.0,1.1,1.18,2.65
chicago,2026-06-25,79.6,40.2857142857,8326.0,14.8642857143,700.0,6039.0,2287.0,27.7,5.0,0.0,1.9,5.5
chicago,2026-06-26,68.8,99.1428571429,3795.0,11.9571428571,0.0,344.0,3451.0,26.3,30.0,0.0,0.72,2.46
chicago,2026-06-27,78.0,32.1428571429,7581.0,14.2785714286,10.0,5011.0,2570.0,26.6,3.0,0.0,1.51,4.98
chicago,2026-06-28,86.4,51.7857142857,7115.0,12.6214285714,1860.0,4268.0,2847.0,24.5,5.0,0.0,1.8,5.23
chicago,2026-06-29,96.0,59.4285714286,8093.0,21.3785714286,3630.0,5321.0,2772.0,43.9,3.0,0.0,3.1,7.17
chicago,2026-06-30,96.5,53.0714285714,8394.0,23.1428571429,3550.0,7165.0,1229.0,46.4,4.0,0.0,3.17,7.56
chicago,2026-07-01,96.6,3.0,8414.0,21.0714285714,2420.0,7185.0,1229.0,42.8,1.0,0.0,3.48,7.78
chicago,2026-07-02,96.3,54.2857142857,7547.0,16.5142857143,2660.0,5490.0,2057.0,36.4,6.0,0.0,3.45,6.68
chicago,2026-07-03,91.2,85.5,4860.0,15.5285714286,3030.0,1813.0,3047.0,83.5,41.0,6.5,2.4,3.96
chicago,2026-07-04,83.1,92.5,5322.0,7.2714285714,3810.0,1636.0,3686.0,36.0,31.0,0.0,0.96,3.7
chicago,2026-07-05,74.1,87.0,4189.0,12.55,940.0,800.0,3389.0,38.5,17.0,0.0,0.49,2.49
chicago,2026-07-06,76.6,1.2142857143,8240.0,13.9357142857,0.0,6455.0,1785.0,32.0,1.0,0.0,1.23,5.07
chicago,2026-07-07,85.5,0.5,8326.0,7.3857142857,370.0,6751.0,1575.0,16.6,0.0,0.0,2.42,5.92
chicago,2026-07-08,89.5,17.5,6863.0,9.5428571429,1140.0,4862.0,2001.0,29.2,1.0,0.0,2.68,5.46
chicago,2026-07-09,86.1,99.5,4730.0,12.8214285714,2600.0,418.0,4312.0,36.7,23.0,1.5,2.0,3.94
chicago,2026-07-10,82.6,81.6428571429,6674.0,11.2285714286,960.0,3758.0,2916.0,22.3,10.0,0.0,1.82,4.72
chicago,2026-07-11,83.9,74.5,8146.0,17.2214285714,1670.0,5386.0,2760.0,31.3,1.0,0.0,2.22,6.08
chicago,2026-07-12,88.3,0.0,8344.0,10.35,500.0,6853.0,1491.0,20.9,0.0,0.0,3.1,6.53
chicago,2026-07-13,94.7,1.9285714286,8174.0,6.4071428571,900.0,6677.0,1497.0,11.5,1.0,0.0,3.68,6.46
chicago,2026-07-14,98.7,15.7857142857,8128.0,7.1285714286,1370.0,6571.0,1557.0,19.1,0.0,0.0,4.34,6.82
chicago,2026-07-15,98.4,65.7857142857,7971.0,7.5071428571,1640.0,5972.0,1999.0,14.8,1.0,0.0,3.99,6.69
chicago,2026-07-16,94.7,36.0714285714,7332.0,8.05,2040.0,5167.0,2165.0,22.3,7.0,0.0,3.45,6.1
chicago,2026-07-17,92.5,27.2857142857,6467.0,13.5071428571,2250.0,3190.0,3277.0,35.6,21.0,0.0,3.34,5.9
chicago,2026-07-18,92.9,41.0714285714,6550.0,17.9071428571,3750.0,4958.0,1592.0,43.9,33.0,0.7,2.84,5.25
chicago,2026-07-19,81.2,22.0,7603.0,12.4714285714,20.0,4902.0,2701.0,20.5,1.0,0.0,2.28,5.62
chicago,2026-07-20,90.1,59.8571428571,7542.0,14.7428571429,770.0,4474.0,3068.0,37.1,4.0,0.0,2.84,6.29
chicago,2026-07-21,84.5,22.9285714286,7068.0,21.6642857143,1110.0,5266.0,1802.0,41.0,8.0,0.0,2.3,5.56
chicago,2026-07-22,72.8,32.4285714286,7263.0,14.0071428571,20.0,5346.0,1917.0,26.3,2.0,0.0,1.73,4.96
chicago,2026-07-23,79.4,47.7857142857,6286.0,7.2357142857,20.0,4261.0,2025.0,20.5,0.0,0.0,2.36,4.71
chicago,2026-07-24,83.4,57.7857142857,7247.0,7.0071428571,0.0,3446.0,3801.0,19.8,0.0,0.0,2.77,5.39
chicago,2026-07-25,83.9,77.1428571429,4971.0,11.5071428571,1200.0,1526.0,3445.0,23.0,2.0,0.0,1.65,3.97
chicago,2026-07-26,93.1,80.7857142857,6351.0,10.1,2580.0,2694.0,3657.0,33.8,6.0,0.0,2.81,5.26
chicago,2026-07-27,97.4,25.4285714286,6645.0,17.5642857143,3000.0,4944.0,1701.0,38.5,32.0,6.8,3.44,5.29
chicago,2026-07-28,78.8,51.3571428571,7169.0,21.3785714286,0.0,3713.0,3456.0,43.2,0.0,0.0,1.75,5.22
chicago,2026-07-29,80.9,2.5,7621.0,11.1642857143,20.0,5465.0,2156.0,25.2,0.0,0.0,2.05,5.28
chicago,2026-07-30,88.6,59.4285714286,7566.0,5.85,0.0,5382.0,2184.0,17.6,0.0,0.0,3.18,5.68
dallas,2026-06-03,84.9,43.2857142857,6758.0,10.5571428571,3650.0,3126.0,3632.0,31.0,12.0,0.0,1.62,4.89
dallas,2026-06-04,82.2,79.0,5373.0,10.7,2310.0,2054.0,3319.0,24.1,15.0,0.0,1.3,3.81
dallas,2026-06-05,80.3,98.7857142857,4218.0,11.7428571429,2450.0,608.0,3610.0,29.9,23.0,0.0,0.77,2.94
dallas,2026-06-06,81.0,70.5,4852.0,9.5928571429,2870.0,1987.0,2865.0,29.5,30.0,15.2,0.65,3.18
dallas,2026-06-07,84.0,70.2857142857,5932.0,12.7714285714,4610.0,3062.0,2870.0,44.3,25.0,34.6,0.91,3.88
dallas,2026-06-08,86.9,51.5,6666.0,15.8928571429,3930.0,3802.0,2864.0,44.3,2.0,0.0,1.13,4.66
dallas,2026-06-09,85.2,35.9285714286,6826.0,13.6928571429,3010.0,4743.0,2083.0,33.5,2.0,0.0,1.36,4.74
dallas,2026-06-10,85.2,34.9285714286,7204.0,16.5714285714,3020.0,4673.0,2531.0,40.0,1.0,0.0,1.32,4.98
dallas,2026-06-11,86.6,94.2857142857,7245.0,18.4357142857,3420.0,4071.0,3174.0,45.4,1.0,0.0,1.51,5.13
dallas,2026-06-12,89.5,49.4285714286,7313.0,9.7,4190.0,4234.0,3079.0,33.5,12.0,0.0,1.7,5.33
dallas,2026-06-13,86.2,88.2142857143,7614.0,15.5714285714,2870.0,3685.0,3929.0,36.0,4.0,0.0,1.68,5.39
dallas,2026-06-14,87.5,46.9285714286,6940.0,11.8,3320.0,4771.0,2169.0,40.0,26.0,0.0,1.42,4.97
dallas,2026-06-15,82.5,70.2142857143,5435.0,10.6642857143,1890.0,1773.0,3662.0,24.8,28.0,0.0,0.91,3.79
dallas,2026-06-16,85.9,32.7857142857,7573.0,6.0642857143,2790.0,5056.0,2517.0,16.6,3.0,0.0,1.53,5.35
dallas,2026-06-17,86.4,27.9285714286,7758.0,16.6,3300.0,5232.0,2526.0,34.6,0.0,0.0,1.37,5.21
dallas,2026-06-18,90.9,39.1428571429,7450.0,14.4714285714,4790.0,5259.0,2191.0,35.3,3.0,0.0,1.78,5.39
dallas,2026-06-19,87.9,95.4285714286,5690.0,14.4642857143,4830.0,2937.0,2753.0,42.1,26.0,0.0,1.08,3.93
dallas,2026-06-20,84.6,60.5,4916.0,5.8571428571,3000.0,1654.0,3262.0,23.0,20.0,4.0,0.92,3.49
dallas,2026-06-21,87.6,28.3571428571,7713.0,17.9214285714,4030.0,5403.0,2310.0,40.0,2.0,0.0,1.52,5.35
dallas,2026-06-22,86.4,76.6428571429,4097.0,10.9642857143,4960.0,1050.0,3047.0,37.8,10.0,0.8,0.94,2.96
dallas,2026-06-23,89.7,40.4285714286,7257.0,11.8642857143,4210.0,5356.0,1901.0,34.9,11.0,0.0,2.14,5.45
dallas,2026-06-24,88.5,47.2142857143,7111.0,11.7357142857,3180.0,4530.0,2581.0,35.3,1.0,0.0,2.0,5.32
dallas,2026-06-25,87.5,70.1428571429,7834.0,15.1071428571,2280.0,4056.0,3778.0,37.8,2.0,0.0,2.22,5.8
dallas,2026-06-26,85.8,74.2857142857,6518.0,19.4357142857,2140.0,1499.0,5019.0,44.6,3.0,0.0,1.73,4.85
dallas,2026-06-27,88.4,40.0714285714,8232.0,19.6285714286,2220.0,6585.0,1647.0,45.0,1.0,0.0,2.1,6.16
dallas,2026-06-28,90.4,22.6428571429,8099.0,20.6142857143,2610.0,6496.0,1603.0,45.7,0.0,0.0,2.27,6.22
dallas,2026-06-29,94.2,3.2142857143,8423.0,20.9071428571,1730.0,7348.0,1075.0,48.6,1.0,0.0,3.09,6.89
dallas,2026-06-30,93.2,8.8571428571,8293.0,15.8142857143,1720.0,7090.0,1203.0,36.7,1.0,0.0,3.19,6.55
dallas,2026-07-01,92.2,2.1428571429,8423.0,13.9285714286,2100.0,7463.0,960.0,28.4,0.0,0.0,2.93,6.48
dallas,2026-07-02,92.9,71.0714285714,7606.0,11.5071428571,2210.0,5363.0,2243.0,23.4,6.0,0.0,2.84,6.04
dallas,2026-07-03,90.3,65.0,5243.0,8.0428571429,2970.0,1864.0,3379.0,22.3,7.0,0.0,2.48,4.28
dallas,2026-07-04,97.1,2.2857142857,8204.0,9.1642857143,2880.0,6814.0,1390.0,30.2,3.0,0.0,3.72,6.73
dallas,2026-07-05,98.0,86.7857142857,5783.0,13.5071428571,3360.0,3352.0,2431.0,49.0,15.0,0.0,3.94,4.79
dallas,2026-07-06,99.3,28.7857142857,7905.0,7.5642857143,3450.0,6283.0,1622.0,33.5,14.0,12.2,4.22,6.28
dallas,2026-07-07,97.6,25.2142857143,7068.0,10.9285714286,2930.0,5327.0,1741.0,44.6,16.0,0.0,3.89,6.02
dallas,2026-07-08,95.0,27.9285714286,7784.0,10.7928571429,2940.0,5915.0,1869.0,26.6,3.0,0.0,3.25,6.45
dallas,2026-07-09,98.6,1.5714285714,8166.0,14.2214285714,2590.0,7015.0,1151.0,36.7,1.0,0.0,4.24,7.16
dallas,2026-07-10,94.2,1.1428571429,8290.0,16.9571428571,1230.0,7277.0,1013.0,37.4,0.0,0.0,3.17,7.12
dallas,2026-07-11,95.4,0.2857142857,8162.0,12.0785714286,1420.0,7178.0,984.0,29.9,2.0,0.0,3.36,6.76
dallas,2026-07-12,90.9,91.2857142857,5857.0,9.6,2220.0,1845.0,4012.0,29.5,17.0,0.0,2.33,4.77
dallas,2026-07-13,84.8,76.1428571429,7258.0,10.3642857143,1850.0,3905.0,3353.0,23.4,36.0,0.0,1.29,4.99
dallas,2026-07-14,86.2,45.2857142857,5719.0,10.35,2660.0,3319.0,2400.0,32.0,24.0,0.0,1.58,4.28
dallas,2026-07-15,84.1,90.4285714286,5942.0,11.1928571429,1770.0,2313.0,3629.0,41.0,16.0,0.0,1.71,4.16
dallas,2026-07-16,88.8,85.3571428571,6762.0,14.2214285714,2740.0,3900.0,2862.0,95.8,15.0,27.4,2.06,4.94
dallas,2026-07-17,88.5,99.8571428571,7300.0,15.8357142857,2480.0,3903.0,3397.0,33.1,13.0,0.0,2.2,5.37
dallas,2026-07-18,95.2,89.2142857143,7816.0,15.1785714286,2280.0,5532.0,2284.0,36.7,3.0,0.0,3.62,6.23
dallas,2026-07-19,96.8,64.0,6693.0,10.6428571429,2660.0,3117.0,3576.0,30.2,8.0,0.0,3.65,5.66
dallas,2026-07-20,101.2,2.2142857143,8044.0,10.3,2100.0,7105.0,939.0,27.4,1.0,0.0,4.72,6.9
dallas,2026-07-21,105.9,16.4285714286,7452.0,8.45,1840.0,6159.0,1293.0,26.6,1.0,0.0,5.84,6.57
dallas,2026-07-22,105.9,0.0,7881.0,11.9142857143,3600.0,6483.0,1398.0,29.2,2.0,0.0,5.46,7.49
dallas,2026-07-23,99.5,0.0,7982.0,13.0571428571,1470.0,6603.0,1379.0,27.0,0.0,0.0,3.99,6.93
dallas,2026-07-24,89.1,71.0714285714,5746.0,13.4785714286,1970.0,1805.0,3941.0,31.0,1.0,0.0,2.07,4.66
dallas,2026-07-25,97.0,22.7142857143,7906.0,12.8785714286,2440.0,6644.0,1262.0,34.6,3.0,0.0,3.77,6.56
dallas,2026-07-26,97.7,34.6428571429,7984.0,12.0571428571,1250.0,6684.0,1300.0,33.5,1.0,0.0,3.84,6.79
dallas,2026-07-27,98.6,43.6428571429,8019.0,11.6142857143,1480.0,6576.0,1443.0,36.7,0.0,0.0,4.13,6.85
dallas,2026-07-28,99.7,29.5714285714,7972.0,10.6928571429,1450.0,6704.0,1268.0,31.7,0.0,0.0,4.32,6.87
dallas,2026-07-29,99.6,68.5,7920.0,9.7285714286,2090.0,6663.0,1257.0,27.7,2.0,0.0,4.46,6.75
dallas,2026-07-30,98.9,7.5714285714,7773.0,10.1428571429,2120.0,6405.0,1368.0,27.7,2.0,0.0,4.37,6.67
denver,2026-06-03,87.0,81.7857142857,7897.0,17.3357142857,900.0,3832.0,4065.0,46.1,19.0,0.0,3.81,6.96
denver,2026-06-04,87.0,56.2857142857,8279.0,15.6714285714,60.0,4489.0,3790.0,51.5,3.0,0.0,3.98,7.32
denver,2026-06-05,89.5,34.5,8482.0,14.2857142857,280.0,6890.0,1592.0,54.4,6.0,0.0,4.27,7.43
denver,2026-06-06,92.8,43.5,8604.0,16.6285714286,450.0,6242.0,2362.0,37.8,9.0,0.0,4.78,7.98
denver,2026-06-07,91.9,37.2142857143,7570.0,15.2214285714,70.0,4855.0,2715.0,31.3,2.0,0.0,4.8,7.35
denver,2026-06-08,88.9,46.6428571429,6571.0,22.8642857143,2070.0,3236.0,3335.0,62.6,13.0,0.0,4.14,6.83
denver,2026-06-09,89.5,74.7142857143,7329.0,29.8642857143,520.0,2212.0,5117.0,57.2,5.0,0.0,4.13,8.28
denver,2026-06-10,89.1,0.0,9164.0,22.2571428571,0.0,7950.0,1214.0,60.8,1.0,0.0,4.35,8.54
denver,2026-06-11,76.5,0.0,9475.0,17.2142857143,0.0,8361.0,1114.0,40.3,0.0,0.0,2.87,7.2
denver,2026-06-12,91.6,0.0,9297.0,19.3785714286,10.0,8041.0,1256.0,53.6,0.0,0.0,4.76,8.64
denver,2026-06-13,86.2,8.4285714286,9045.0,20.8928571429,220.0,7219.0,1826.0,49.3,12.0,0.0,3.85,7.83
denver,2026-06-14,76.0,80.9285714286,5536.0,15.6071428571,310.0,2704.0,2832.0,34.2,17.0,0.0,2.08,4.5
denver,2026-06-15,79.7,11.7857142857,8884.0,13.7642857143,130.0,7425.0,1459.0,35.3,4.0,0.0,2.84,6.64
denver,2026-06-16,90.4,36.9285714286,9087.0,11.3928571429,0.0,7706.0,1381.0,37.8,1.0,0.0,4.44,7.41
denver,2026-06-17,93.1,0.7857142857,9207.0,26.5642857143,0.0,7971.0,1236.0,59.4,2.0,0.0,4.93,9.43
denver,2026-06-18,89.3,30.5,9012.0,12.2571428571,0.0,6955.0,2057.0,30.6,2.0,0.0,4.19,7.21
denver,2026-06-19,88.2,39.2857142857,8994.0,15.1642857143,30.0,7137.0,1857.0,31.3,3.0,0.0,4.0,7.51
denver,2026-06-20,94.3,45.0714285714,8029.0,11.3142857143,1380.0,5298.0,2731.0,43.9,3.0,0.0,4.87,7.1
denver,2026-06-21,89.7,9.6428571429,8972.0,27.2714285714,910.0,7527.0,1445.0,52.9,4.0,0.0,4.39,8.72
denver,2026-06-22,89.7,62.5,7788.0,11.8928571429,1420.0,3137.0,4651.0,34.6,9.0,0.0,4.13,6.73
denver,2026-06-23,86.8,47.8571428571,8589.0,18.4428571429,1580.0,5873.0,2716.0,36.7,7.0,0.0,3.26,6.86
denver,2026-06-24,92.1,39.5,6922.0,15.45,2620.0,4926.0,1996.0,45.7,18.0,0.0,4.26,6.31
denver,2026-06-25,69.2,80.7142857143,4625.0,13.2642857143,1110.0,1199.0,3426.0,28.1,25.0,1.1,0.8,2.87
denver,2026-06-26,85.6,33.0714285714,7744.0,18.7857142857,890.0,5550.0,2194.0,36.4,17.0,0.4,3.22,6.54
denver,2026-06-27,93.4,32.4285714286,8376.0,30.2357142857,270.0,5839.0,2537.0,59.8,0.0,0.0,4.93,9.21
denver,2026-06-28,95.6,15.4285714286,8935.0,21.7642857143,10.0,7231.0,1704.0,58.3,1.0,0.0,5.38,9.03
denver,2026-06-29,87.3,0.0,9099.0,26.3785714286,0.0,7500.0,1599.0,72.7,0.0,0.0,4.16,8.7
denver,2026-06-30,91.0,16.0714285714,8607.0,28.55,380.0,6699.0,1908.0,62.3,7.0,0.0,4.37,8.81
denver,2026-07-01,92.0,30.0,8531.0,13.8714285714,50.0,5433.0,3098.0,43.9,5.0,0.0,4.88,7.64
denver,2026-07-02,92.9,28.1428571429,8352.0,12.7714285714,550.0,5111.0,3241.0,49.0,4.0,0.0,5.11,7.34
denver,2026-07-03,91.5,38.7142857143,8496.0,13.3214285714,30.0,5601.0,2895.0,41.4,2.0,0.0,4.75,7.75
denver,2026-07-04,87.6,53.0714285714,6686.0,14.9928571429,2700.0,4577.0,2109.0,38.5,6.0,0.4,3.57,6.07
denver,2026-07-05,93.5,12.2857142857,8743.0,11.3142857143,270.0,6937.0,1806.0,31.3,3.0,0.0,4.89,7.52
denver,2026-07-06,96.9,65.6428571429,7455.0,13.7,150.0,3303.0,4152.0,38.5,7.0,0.0,5.55,7.34
denver,2026-07-07,96.6,89.8571428571,6311.0,11.8357142857,240.0,1741.0,4570.0,34.9,11.0,0.4,5.19,6.29
denver,2026-07-08,93.3,46.6428571429,6161.0,11.7285714286,920.0,3482.0,2679.0,35.3,36.0,0.0,4.59,5.68
denver,2026-07-09,89.5,74.1428571429,6752.0,15.5642857143,1130.0,4108.0,2644.0,64.4,30.0,0.0,3.69,5.68
denver,2026-07-10,89.2,24.9285714286,8372.0,11.5428571429,650.0,6499.0,1873.0,32.8,17.0,0.0,3.9,6.98
denver,2026-07-11,96.0,4.0714285714,8898.0,13.4285714286,450.0,7809.0,1089.0,36.4,2.0,0.0,5.28,7.97
denver,2026-07-12,95.1,1.3571428571,8846.0,15.6714285714,330.0,7758.0,1088.0,30.6,1.0,0.0,5.02,8.22
denver,2026-07-13,96.4,0.0,8805.0,20.7571428571,120.0,7767.0,1038.0,41.8,2.0,0.0,4.99,8.77
denver,2026-07-14,93.4,0.0,8816.0,16.9142857143,160.0,7803.0,1013.0,41.8,2.0,0.0,4.5,8.11
denver,2026-07-15,91.7,0.0,8712.0,16.8571428571,50.0,7657.0,1055.0,38.9,3.0,0.0,4.16,7.94
denver,2026-07-16,90.8,26.5,7740.0,11.6214285714,120.0,5617.0,2123.0,28.4,7.0,0.0,4.0,6.75
denver,2026-07-17,90.2,55.9285714286,6272.0,11.3928571429,120.0,2899.0,3373.0,29.5,3.0,0.0,4.0,5.98
denver,2026-07-18,91.9,0.2857142857,8642.0,14.4357142857,30.0,7631.0,1011.0,30.2,2.0,0.0,4.21,7.61
denver,2026-07-19,96.1,0.0,8626.0,9.7785714286,10.0,7581.0,1045.0,22.0,5.0,0.0,5.06,7.39
denver,2026-07-20,99.2,31.2142857143,7848.0,12.0857142857,330.0,6322.0,1526.0,32.0,9.0,0.0,5.43,7.52
denver,2026-07-21,94.7,8.3571428571,8388.0,19.4357142857,1130.0,7257.0,1131.0,43.2,18.0,0.0,4.51,7.84
denver,2026-07-22,94.6,45.2857142857,6706.0,11.3357142857,1700.0,4148.0,2558.0,48.6,22.0,0.4,4.4,5.8
denver,2026-07-23,87.6,85.4285714286,5858.0,12.5142857143,1700.0,2966.0,2892.0,35.6,32.0,1.4,2.94,4.91
denver,2026-07-24,95.0,6.7857142857,8338.0,13.0928571429,730.0,7215.0,1123.0,28.4,7.0,0.0,4.5,7.42
denver,2026-07-25,100.0,47.6428571429,7058.0,19.6785714286,800.0,4607.0,2451.0,50.8,19.0,5.8,5.43,7.37
denver,2026-07-26,101.9,71.7142857143,6515.0,12.9642857143,60.0,3688.0,2827.0,25.9,9.0,0.0,6.09,6.91
denver,2026-07-27,96.0,85.7857142857,5055.0,15.9428571429,1880.0,2328.0,2727.0,41.8,33.0,0.0,4.41,5.5
denver,2026-07-28,92.2,49.7142857143,6610.0,12.3357142857,1480.0,4462.0,2148.0,41.4,47.0,0.7,3.67,5.51
denver,2026-07-29,92.7,70.9285714286,6335.0,15.8428571429,1290.0,3679.0,2656.0,58.7,47.0,3.2,3.93,5.58
denver,2026-07-30,93.3,43.5,7903.0,16.2714285714,490.0,6092.0,1811.0,56.5,12.0,0.0,4.35,7.43
houston,2026-06-03,88.7,78.7142857143,4239.0,9.2071428571,2550.0,1478.0,2761.0,22.7,35.0,13.3,2.03,3.19
houston,2026-06-04,81.4,90.4285714286,5344.0,11.1428571429,2370.0,1478.0,3866.0,33.5,34.0,1.8,0.77,3.53
houston,2026-06-05,82.5,96.7857142857,3355.0,8.2,2480.0,635.0,2720.0,25.9,37.0,17.6,0.8,2.43
houston,2026-06-06,84.2,89.7142857143,4635.0,8.3,2750.0,1638.0,2997.0,22.0,49.0,22.0,0.92,3.26
houston,2026-06-07,84.6,94.5714285714,5072.0,14.5142857143,2460.0,423.0,4649.0,35.6,14.0,1.1,1.19,3.75
houston,2026-06-08,90.9,73.8571428571,6442.0,17.65,2310.0,3115.0,3327.0,36.7,11.0,0.0,2.23,5.21
houston,2026-06-09,90.8,31.0714285714,7324.0,15.6642857143,2170.0,5662.0,1662.0,27.4,7.0,0.0,2.07,5.67
houston,2026-06-10,90.1,54.6428571429,6030.0,16.0571428571,1920.0,3641.0,2389.0,29.9,12.0,0.0,1.91,4.97
houston,2026-06-11,91.6,28.9285714286,6739.0,17.7,1930.0,5320.0,1419.0,30.2,2.0,0.0,2.23,5.55
houston,2026-06-12,92.2,42.3571428571,6842.0,14.2857142857,1730.0,5397.0,1445.0,25.6,11.0,0.0,2.53,5.76
houston,2026-06-13,87.7,85.7142857143,5276.0,14.7071428571,2600.0,1549.0,3727.0,34.2,16.0,15.1,1.7,4.05
houston,2026-06-14,88.0,74.9285714286,3826.0,14.2285714286,1960.0,1283.0,2543.0,27.7,39.0,0.0,1.61,3.45
houston,2026-06-15,88.2,93.5714285714,3965.0,10.4857142857,2620.0,490.0,3475.0,26.6,42.0,0.0,1.73,3.35
houston,2026-06-16,83.8,100.0,3458.0,12.3,2790.0,23.0,3435.0,42.1,69.0,110.8,0.95,2.56
houston,2026-06-17,84.7,88.6428571429,4532.0,13.0285714286,3720.0,1237.0,3295.0,46.4,44.0,0.4,0.77,3.2
houston,2026-06-18,89.9,55.0714285714,6257.0,17.8571428571,3830.0,3201.0,3056.0,38.2,1.0,0.0,1.53,4.8
houston,2026-06-19,93.1,84.2142857143,5978.0,18.2571428571,3910.0,3148.0,2830.0,51.1,14.0,8.3,2.09,5.01
houston,2026-06-20,85.0,99.6428571429,4719.0,13.9714285714,3510.0,435.0,4284.0,50.0,40.0,72.7,0.98,3.21
houston,2026-06-21,86.0,88.7142857143,4578.0,15.5285714286,3790.0,425.0,4153.0,46.4,23.0,20.2,0.93,3.32
houston,2026-06-22,89.5,92.6428571429,6517.0,15.4214285714,3540.0,4440.0,2077.0,40.0,0.0,0.0,1.85,5.02
houston,2026-06-23,93.0,35.1428571429,7111.0,12.9642857143,2460.0,5470.0,1641.0,26.3,2.0,0.0,2.64,5.86
houston,2026-06-24,94.3,45.4285714286,7278.0,12.4071428571,2540.0,4420.0,2858.0,27.7,2.0,0.0,2.86,6.05
houston,2026-06-25,92.4,13.0,7975.0,15.1071428571,1590.0,5949.0,2026.0,30.2,2.0,0.0,2.75,6.5
houston,2026-06-26,93.0,37.6428571429,7736.0,16.5428571429,2190.0,5588.0,2148.0,32.8,2.0,0.0,2.8,6.37
houston,2026-06-27,92.8,21.0714285714,7783.0,18.35,1910.0,5738.0,2045.0,36.4,1.0,0.0,2.78,6.47
houston,2026-06-28,92.7,13.0714285714,7785.0,19.9214285714,2140.0,6335.0,1450.0,40.7,2.0,0.0,2.77,6.53
houston,2026-06-29,94.1,29.2857142857,7341.0,16.9642857143,2850.0,5999.0,1342.0,30.2,4.0,0.0,2.73,6.18
houston,2026-06-30,92.3,29.4285714286,6891.0,14.1285714286,2810.0,5561.0,1330.0,26.6,13.0,0.0,2.38,5.76
houston,2026-07-01,93.8,25.1428571429,7475.0,9.5857142857,2060.0,5758.0,1717.0,23.8,12.0,0.0,2.65,6.09
houston,2026-07-02,89.7,69.4285714286,4933.0,7.6785714286,2630.0,1258.0,3675.0,24.8,27.0,0.4,2.05,3.88
houston,2026-07-03,94.3,39.4285714286,6423.0,6.2928571429,2960.0,4414.0,2009.0,21.2,18.0,0.7,2.8,5.05
houston,2026-07-04,94.7,32.7857142857,6680.0,9.5571428571,2850.0,5209.0,1471.0,25.6,15.0,0.0,2.95,5.54
houston,2026-07-05,97.2,83.7857142857,7383.0,9.8142857143,3380.0,4873.0,2510.0,23.8,4.0,0.0,3.66,6.15
houston,2026-07-06,96.1,31.2142857143,7423.0,10.6357142857,3570.0,5807.0,1616.0,27.4,17.0,0.0,3.37,6.21
houston,2026-07-07,94.2,57.9285714286,6271.0,8.9642857143,3100.0,4403.0,1868.0,23.0,15.0,0.0,2.8,5.19
houston,2026-07-08,95.2,67.7142857143,6019.0,9.2428571429,3350.0,4240.0,1779.0,29.9,13.0,0.0,3.05,5.05
houston,2026-07-09,95.0,48.0,7555.0,11.6571428571,3260.0,6142.0,1413.0,27.4,12.0,0.0,3.26,6.25
houston,2026-07-10,89.8,81.9285714286,5767.0,12.1,3340.0,2152.0,3615.0,42.5,22.0,17.7,2.12,4.47
houston,2026-07-11,84.3,96.5,4095.0,9.3642857143,2110.0,211.0,3884.0,32.0,28.0,2.2,1.32,3.02
houston,2026-07-12,90.6,86.3571428571,4696.0,8.6714285714,2530.0,1572.0,3124.0,33.1,31.0,2.9,2.06,3.4
houston,2026-07-13,88.3,89.5,5643.0,11.9571428571,2400.0,1559.0,4084.0,32.8,46.0,9.0,1.87,4.04
houston,2026-07-14,81.4,100.0,3985.0,8.5214285714,2200.0,89.0,3896.0,34.2,46.0,18.8,0.79,2.85
houston,2026-07-15,81.5,100.0,4095.0,9.2357142857,2250.0,184.0,3911.0,31.3,25.0,3.3,0.73,2.93
houston,2026-07-16,92.2,97.0714285714,6987.0,13.7928571429,3560.0,3615.0,3372.0,25.6,14.0,0.0,2.52,5.63
houston,2026-07-17,95.4,84.4285714286,7145.0,13.9928571429,2760.0,5558.0,1587.0,26.3,2.0,0.0,3.13,6.19
houston,2026-07-18,96.8,93.1428571429,7755.0,13.0928571429,2730.0,5490.0,2265.0,28.1,3.0,0.0,3.62,6.65
houston,2026-07-19,98.2,46.6428571429,8089.0,9.9142857143,2750.0,6603.0,1486.0,27.0,2.0,0.0,4.02,6.71
houston,2026-07-20,98.8,15.7142857143,7940.0,10.7857142857,1210.0,6863.0,1077.0,31.0,1.0,0.0,4.36,6.77
houston,2026-07-21,100.8,4.7857142857,8085.0,11.05,460.0,7031.0,1054.0,33.8,3.0,0.0,4.6,6.96
houston,2026-07-22,105.7,36.8571428571,7499.0,10.3928571429,2680.0,5879.0,1620.0,34.6,17.0,0.0,5.42,6.7
houston,2026-07-23,91.4,76.5,4037.0,11.6857142857,2630.0,1781.0,2256.0,24.1,37.0,33.9,1.94,3.45
houston,2026-07-24,91.7,33.5,7106.0,15.1214285714,2870.0,5625.0,1481.0,28.4,1.0,0.0,2.28,5.81
houston,2026-07-25,96.4,93.8571428571,7093.0,12.0857142857,1840.0,4217.0,2876.0,25.9,2.0,0.0,3.22,6.23
houston,2026-07-26,96.2,68.3571428571,6344.0,10.3857142857,2120.0,4301.0,2043.0,25.2,8.0,0.0,3.36,5.63
houston,2026-07-27,98.2,30.5714285714,7945.0,12.9857142857,1670.0,6833.0,1112.0,31.3,1.0,0.0,3.9,6.8
houston,2026-07-28,98.6,22.6428571429,7263.0,13.5428571429,1660.0,5705.0,1558.0,32.0,3.0,0.0,3.77,6.43
houston,2026-07-29,99.3,60.9285714286,6850.0,10.8071428571,1960.0,5455.0,1395.0,26.6,7.0,0.0,4.09,5.94
houston,2026-07-30,98.8,99.6428571429,6715.0,11.1071428571,980.0,4606.0,2109.0,29.9,7.0,0.0,3.98,5.94
los-angeles,2026-06-03,67.8,85.4285714286,6539.0,9.8071428571,10.0,3655.0,2884.0,20.2,1.0,0.0,0.6,3.55
los-angeles,2026-06-04,73.0,38.7857142857,7682.0,9.4571428571,0.0,5437.0,2245.0,17.3,1.0,0.0,1.02,4.33
los-angeles,2026-06-05,68.9,58.0,6763.0,9.8214285714,0.0,4209.0,2554.0,17.3,1.0,0.0,0.65,3.8
los-angeles,2026-06-06,70.5,100.0,4380.0,10.8357142857,20.0,1113.0,3267.0,18.4,0.0,0.0,0.79,2.75
los-angeles,2026-06-07,70.2,73.2857142857,5768.0,10.2785714286,10.0,2909.0,2859.0,21.2,0.0,0.0,0.76,3.39
los-angeles,2026-06-08,69.6,75.1428571429,6767.0,10.4071428571,10.0,3753.0,3014.0,20.5,1.0,0.0,0.82,3.9
los-angeles,2026-06-09,71.3,12.2857142857,8172.0,9.65,0.0,6329.0,1843.0,18.4,1.0,0.0,0.94,4.78
los-angeles,2026-06-10,76.7,16.2142857143,8384.0,10.1857142857,0.0,6705.0,1679.0,16.9,1.0,0.0,1.31,4.99
los-angeles,2026-06-11,76.4,64.7857142857,6435.0,10.5928571429,10.0,3594.0,2841.0,18.0,1.0,0.0,1.06,3.9
los-angeles,2026-06-12,71.0,58.5714285714,7100.0,10.7571428571,10.0,4607.0,2493.0,25.6,1.0,0.0,0.62,3.93
los-angeles,2026-06-13,68.8,87.0714285714,5550.0,11.15,10.0,859.0,4691.0,23.8,1.0,0.0,0.45,3.07
los-angeles,2026-06-14,69.5,70.0714285714,6161.0,12.8,0.0,2022.0,4139.0,30.2,1.0,0.0,0.57,3.41
los-angeles,2026-06-15,69.4,61.4285714286,5849.0,13.55,10.0,3129.0,2720.0,29.2,1.0,0.0,0.56,3.25
los-angeles,2026-06-16,67.8,71.5714285714,5905.0,11.7357142857,10.0,1924.0,3981.0,29.5,1.0,0.0,0.48,3.21
los-angeles,2026-06-17,69.3,96.1428571429,4489.0,9.5357142857,10.0,360.0,4129.0,23.0,1.0,0.0,0.49,2.61
los-angeles,2026-06-18,68.6,98.5,4021.0,10.2714285714,20.0,185.0,3836.0,19.1,0.0,0.0,0.57,2.49
los-angeles,2026-06-19,69.5,55.0,6074.0,12.4571428571,20.0,3360.0,2714.0,35.3,0.0,0.0,0.7,3.47
los-angeles,2026-06-20,68.4,59.5714285714,6116.0,13.2642857143,20.0,2923.0,3193.0,29.9,0.0,0.0,0.75,3.46
los-angeles,2026-06-21,69.5,57.0,6557.0,10.6,20.0,3895.0,2662.0,21.2,0.0,0.0,0.76,3.74
los-angeles,2026-06-22,68.4,84.7857142857,6232.0,10.05,10.0,2563.0,3669.0,19.8,1.0,0.0,0.57,3.44
los-angeles,2026-06-23,69.5,58.5714285714,6412.0,10.1142857143,0.0,4201.0,2211.0,18.7,2.0,0.0,0.74,3.59
los-angeles,2026-06-24,69.4,66.0,6247.0,11.5857142857,10.0,3508.0,2739.0,22.3,1.0,0.0,0.56,3.41
los-angeles,2026-06-25,68.6,74.2142857143,5335.0,10.4,10.0,2034.0,3301.0,19.4,1.0,0.0,0.61,3.05
los-angeles,2026-06-26,69.5,65.9285714286,6085.0,10.6285714286,10.0,3288.0,2797.0,22.3,1.0,0.0,0.81,3.44
los-angeles,2026-06-27,70.9,53.8571428571,5882.0,12.3571428571,10.0,2595.0,3287.0,31.3,0.0,0.0,0.82,3.48
los-angeles,2026-06-28,73.7,23.2142857143,8214.0,12.2428571429,10.0,6266.0,1948.0,23.4,0.0,0.0,1.3,4.83
los-angeles,2026-06-29,70.6,51.7142857143,6221.0,10.9785714286,10.0,3395.0,2826.0,21.2,0.0,0.0,0.84,3.69
los-angeles,2026-06-30,69.0,65.3571428571,6444.0,11.0,30.0,3143.0,3301.0,21.6,1.0,0.0,0.8,3.66
los-angeles,2026-07-01,68.4,83.7142857143,4306.0,9.6642857143,10.0,1205.0,3101.0,18.0,1.0,0.0,0.64,2.62
los-angeles,2026-07-02,71.0,58.8571428571,6003.0,10.6428571429,10.0,3789.0,2214.0,22.0,1.0,0.0,0.78,3.55
los-angeles,2026-07-03,70.4,90.5,6717.0,9.8785714286,10.0,4254.0,2463.0,21.6,1.0,0.0,0.77,3.86
los-angeles,2026-07-04,72.4,75.1428571429,6401.0,9.25,0.0,3605.0,2796.0,20.2,2.0,0.0,0.9,3.89
los-angeles,2026-07-05,71.0,56.3571428571,6327.0,11.5642857143,10.0,3265.0,3062.0,23.4,1.0,0.0,0.65,3.57
los-angeles,2026-07-06,73.2,30.5,7507.0,11.8928571429,0.0,5616.0,1891.0,28.8,1.0,0.0,0.92,4.38
los-angeles,2026-07-07,75.8,12.0,8202.0,12.1928571429,0.0,6537.0,1665.0,32.4,1.0,0.0,1.17,4.99
los-angeles,2026-07-08,75.5,6.6428571429,8471.0,11.4285714286,0.0,6906.0,1565.0,25.9,1.0,0.0,1.06,5.2
los-angeles,2026-07-09,80.0,14.9285714286,8188.0,10.0142857143,0.0,6640.0,1548.0,16.6,1.0,0.0,1.5,5.15
los-angeles,2026-07-10,79.1,49.7142857143,6931.0,9.8214285714,0.0,4712.0,2219.0,16.2,1.0,0.0,1.32,4.34
los-angeles,2026-07-11,77.5,95.4285714286,5134.0,9.4428571429,10.0,872.0,4262.0,18.7,3.0,0.0,1.29,3.31
los-angeles,2026-07-12,73.0,88.4285714286,4680.0,9.0785714286,0.0,668.0,4012.0,18.7,3.0,0.0,0.69,2.9
los-angeles,2026-07-13,75.4,49.9285714286,6998.0,11.3071428571,0.0,3917.0,3081.0,21.6,4.0,0.0,0.84,4.13
los-angeles,2026-07-14,73.9,24.9285714286,7362.0,13.2714285714,0.0,4980.0,2382.0,37.4,1.0,0.0,0.78,4.36
los-angeles,2026-07-15,81.4,28.6428571429,8214.0,11.1642857143,0.0,6440.0,1774.0,37.1,1.0,0.0,1.76,5.36
los-angeles,2026-07-16,87.1,33.1428571429,7630.0,9.6214285714,0.0,5989.0,1641.0,16.2,2.0,0.0,2.37,5.4
los-angeles,2026-07-17,84.6,23.9285714286,7614.0,11.2428571429,10.0,5775.0,1839.0,27.0,3.0,0.0,1.96,5.23
los-angeles,2026-07-18,82.3,44.4285714286,6587.0,11.0857142857,10.0,4885.0,1702.0,18.7,3.0,0.0,1.62,4.33
los-angeles,2026-07-19,77.9,64.8571428571,6390.0,10.9928571429,0.0,3654.0,2736.0,24.5,2.0,0.0,0.97,3.96
los-angeles,2026-07-20,77.2,89.3571428571,6871.0,10.8,0.0,3460.0,3411.0,29.2,3.0,0.0,1.02,4.4
los-angeles,2026-07-21,82.2,55.2857142857,6638.0,11.3142857143,0.0,2844.0,3794.0,36.4,3.0,0.0,1.8,4.62
los-angeles,2026-07-22,76.1,50.7857142857,6375.0,14.2714285714,10.0,3402.0,2973.0,40.0,1.0,0.0,1.12,3.91
los-angeles,2026-07-23,85.0,12.2857142857,8112.0,13.0571428571,0.0,6779.0,1333.0,32.4,1.0,0.0,2.18,5.73
los-angeles,2026-07-24,86.2,80.2142857143,7742.0,9.95,0.0,5602.0,2140.0,18.4,2.0,0.0,2.01,5.32
los-angeles,2026-07-25,79.9,53.1428571429,7277.0,8.95,0.0,4519.0,2758.0,14.8,1.0,0.0,1.27,4.73
los-angeles,2026-07-26,79.6,61.2857142857,6856.0,10.1571428571,0.0,3829.0,3027.0,20.2,2.0,0.0,1.07,4.35
los-angeles,2026-07-27,83.0,16.5714285714,7796.0,10.4857142857,0.0,6199.0,1597.0,18.7,1.0,0.0,1.54,5.09
los-angeles,2026-07-28,81.2,44.2142857143,7068.0,10.2,0.0,4994.0,2074.0,19.8,1.0,0.0,1.42,4.53
los-angeles,2026-07-29,78.9,37.5,7159.0,10.7785714286,10.0,5336.0,1823.0,19.4,1.0,0.0,1.18,4.42
los-angeles,2026-07-30,76.9,49.5,6443.0,10.1785714286,10.0,4504.0,1939.0,22.7,1.0,0.0,0.96,3.93
miami,2026-06-03,82.4,91.7142857143,2770.0,10.4857142857,3180.0,74.0,2696.0,33.5,52.0,58.7,0.72,2.04
miami,2026-06-04,79.5,100.0,1944.0,11.8714285714,1720.0,-2.0,1946.0,34.6,50.0,8.7,0.62,1.56
miami,2026-06-05,84.2,99.6428571429,6361.0,14.8928571429,1180.0,3348.0,3013.0,29.9,16.0,0.0,1.88,4.59
miami,2026-06-06,86.2,18.9285714286,7299.0,15.9,1010.0,5737.0,1562.0,28.8,4.0,0.0,2.09,5.46
miami,2026-06-07,87.7,88.5714285714,6452.0,13.7714285714,2300.0,4398.0,2054.0,24.8,4.0,0.0,1.79,4.89
miami,2026-06-08,88.8,77.5714285714,7361.0,12.9714285714,2690.0,5955.0,1406.0,26.6,5.0,0.0,1.8,5.49
miami,2026-06-09,88.9,95.7857142857,5770.0,11.5285714286,2870.0,1414.0,4356.0,23.4,12.0,0.0,1.9,4.48
miami,2026-06-10,89.0,93.5714285714,7571.0,13.4357142857,2010.0,4934.0,2637.0,21.2,11.0,0.0,2.14,5.88
miami,2026-06-11,89.9,86.2142857143,7011.0,13.0285714286,2650.0,3521.0,3490.0,22.0,12.0,1.1,2.35,5.27
miami,2026-06-12,89.7,90.7857142857,6185.0,11.4285714286,2550.0,4294.0,1891.0,27.4,16.0,0.0,2.19,4.75
miami,2026-06-13,89.7,77.1428571429,4816.0,6.7642857143,2550.0,2390.0,2426.0,22.7,24.0,10.5,2.09,3.69
miami,2026-06-14,91.9,77.3571428571,6893.0,9.6928571429,2330.0,4466.0,2427.0,24.8,23.0,1.8,2.71,5.14
miami,2026-06-15,93.3,54.0714285714,6941.0,8.8642857143,2010.0,5308.0,1633.0,31.0,37.0,0.0,2.98,5.33
miami,2026-06-16,91.3,77.2857142857,6561.0,14.6285714286,1650.0,4631.0,1930.0,29.2,15.0,0.0,2.32,5.38
miami,2026-06-17,91.3,53.9285714286,7141.0,10.15,3110.0,4102.0,3039.0,33.5,23.0,6.8,2.2,5.07
miami,2026-06-18,91.5,81.0,7815.0,14.1642857143,3160.0,6127.0,1688.0,28.8,8.0,0.0,2.06,5.85
miami,2026-06-19,91.5,45.7142857143,5591.0,12.8571428571,2780.0,3149.0,2442.0,28.4,15.0,0.0,2.17,4.65
miami,2026-06-20,92.7,80.9285714286,4548.0,7.6357142857,3020.0,2745.0,1803.0,35.3,38.0,89.7,2.3,3.39
miami,2026-06-21,92.7,69.4285714286,6703.0,9.5142857143,3150.0,4652.0,2051.0,24.8,25.0,0.0,2.3,5.3
miami,2026-06-22,90.8,63.5714285714,7891.0,11.7857142857,3320.0,5858.0,2033.0,24.1,9.0,0.0,1.97,5.92
miami,2026-06-23,89.7,79.7142857143,6064.0,11.6214285714,3580.0,3165.0,2899.0,31.3,23.0,0.4,1.64,4.54
miami,2026-06-24,91.7,68.1428571429,5864.0,8.2714285714,3070.0,3718.0,2146.0,34.2,23.0,0.4,2.23,4.63
miami,2026-06-25,90.6,59.7857142857,7258.0,14.7857142857,2990.0,4727.0,2531.0,36.0,14.0,19.5,2.06,5.46
miami,2026-06-26,90.5,45.7142857143,6538.0,11.6428571429,2860.0,4840.0,1698.0,25.2,18.0,11.2,2.05,4.97
miami,2026-06-27,91.6,40.5714285714,7513.0,13.85,3820.0,4988.0,2525.0,24.8,11.0,1.4,2.32,5.65
miami,2026-06-28,90.0,40.5,6782.0,10.6571428571,3120.0,3637.0,3145.0,20.2,9.0,0.0,2.12,5.23
miami,2026-06-29,92.4,4.7142857143,7869.0,12.4428571429,2680.0,6811.0,1058.0,21.6,1.0,0.0,2.54,6.18
miami,2026-06-30,92.8,32.4285714286,6734.0,10.3357142857,3050.0,5290.0,1444.0,20.5,16.0,0.0,2.63,5.52
miami,2026-07-01,92.0,96.8571428571,4715.0,7.2571428571,2160.0,1682.0,3033.0,22.7,39.0,1.1,2.51,3.49
miami,2026-07-02,89.1,92.1428571429,3789.0,7.8928571429,3070.0,1536.0,2253.0,27.4,49.0,92.5,1.83,2.79
miami,2026-07-03,92.4,59.5714285714,7843.0,7.7928571429,3790.0,6147.0,1696.0,21.2,28.0,0.0,2.69,5.92
miami,2026-07-04,90.1,61.4285714286,4960.0,11.3857142857,3510.0,3010.0,1950.0,53.3,34.0,46.8,1.79,3.69
miami,2026-07-05,91.1,98.7857142857,6615.0,10.8071428571,3150.0,4398.0,2217.0,34.9,23.0,0.0,2.14,5.05
miami,2026-07-06,92.2,91.3571428571,6633.0,9.5142857143,3450.0,3106.0,3527.0,28.1,35.0,1.5,2.52,5.11
miami,2026-07-07,90.2,91.7857142857,6099.0,7.6214285714,4130.0,1543.0,4556.0,19.1,30.0,0.0,1.91,4.73
miami,2026-07-08,90.5,25.7857142857,7965.0,12.8214285714,3680.0,6858.0,1107.0,22.7,5.0,0.0,2.2,5.99
miami,2026-07-09,91.7,7.4285714286,8080.0,12.5285714286,2970.0,6818.0,1262.0,24.5,7.0,0.0,2.59,6.25
miami,2026-07-10,91.1,41.4285714286,7471.0,15.4,3670.0,5561.0,1910.0,25.2,17.0,0.0,2.12,5.88
miami,2026-07-11,92.2,57.0,5854.0,12.9,4060.0,3873.0,1981.0,33.5,20.0,0.0,2.22,4.61
miami,2026-07-12,92.7,48.2142857143,6880.0,11.2214285714,4340.0,4114.0,2766.0,21.2,8.0,0.0,2.33,5.4
miami,2026-07-13,92.6,35.4285714286,7369.0,12.1928571429,3940.0,6027.0,1342.0,39.2,12.0,0.4,2.3,5.83
miami,2026-07-14,92.6,58.2857142857,7689.0,10.35,3730.0,5346.0,2343.0,22.0,8.0,0.0,2.4,5.82
miami,2026-07-15,93.0,92.3571428571,6648.0,11.1714285714,3770.0,2645.0,4003.0,22.0,8.0,0.0,2.53,5.42
miami,2026-07-16,90.6,92.8571428571,7421.0,7.6214285714,3240.0,3584.0,3837.0,23.0,13.0,0.0,2.27,5.64
miami,2026-07-17,96.3,88.6428571429,6283.0,10.7785714286,3580.0,3208.0,3075.0,45.0,33.0,0.4,3.31,5.21
miami,2026-07-18,92.3,85.7142857143,7178.0,15.4785714286,3200.0,4700.0,2478.0,29.2,15.0,0.0,2.43,5.83
miami,2026-07-19,93.3,7.2142857143,8151.0,16.9714285714,2810.0,7203.0,948.0,29.5,12.0,0.0,3.04,6.68
miami,2026-07-20,90.4,84.8571428571,4776.0,18.2571428571,3750.0,1434.0,3342.0,35.6,14.0,0.0,2.08,4.45
miami,2026-07-21,93.3,77.5714285714,8091.0,18.2357142857,2620.0,7008.0,1083.0,33.1,3.0,0.0,2.72,6.72
miami,2026-07-22,91.7,52.0714285714,6828.0,15.5642857143,2430.0,4486.0,2342.0,26.6,17.0,6.8,2.3,5.61
miami,2026-07-23,94.1,51.2857142857,6756.0,14.3857142857,3180.0,4596.0,2160.0,28.1,14.0,0.0,3.0,5.63
miami,2026-07-24,88.8,83.8571428571,4979.0,10.3285714286,3440.0,1097.0,3882.0,25.2,19.0,0.0,1.84,3.98
miami,2026-07-25,91.3,90.0714285714,5752.0,10.0857142857,3340.0,2089.0,3663.0,47.9,31.0,1.1,2.1,4.25
miami,2026-07-26,88.6,67.3571428571,5793.0,8.1928571429,3330.0,2339.0,3454.0,18.0,44.0,1.4,1.47,4.16
miami,2026-07-27,86.3,96.3571428571,3329.0,7.5,2900.0,544.0,2785.0,27.0,32.0,4.0,1.24,2.55
miami,2026-07-28,87.0,97.0,5807.0,13.6642857143,2770.0,1179.0,4628.0,33.1,31.0,0.0,1.75,4.23
miami,2026-07-29,95.2,95.0714285714,7528.0,16.1857142857,2120.0,5660.0,1868.0,29.9,10.0,0.0,3.33,6.4
miami,2026-07-30,96.8,96.7142857143,7539.0,13.8,2540.0,6048.0,1491.0,28.8,8.0,0.0,3.62,6.56
nyc,2026-06-03,83.1,6.5714285714,8432.0,13.3642857143,0.0,6911.0,1521.0,27.4,1.0,0.0,2.94,6.22
nyc,2026-06-04,88.7,28.0,8373.0,10.1428571429,0.0,6480.0,1893.0,29.9,0.0,0.0,3.67,6.5
nyc,2026-06-05,92.7,99.5714285714,8109.0,12.8642857143,0.0,4815.0,3294.0,31.7,0.0,0.0,4.21,6.99
nyc,2026-06-06,94.1,87.7142857143,6116.0,17.4,560.0,3082.0,3034.0,38.2,7.0,0.0,4.15,6.67
nyc,2026-06-07,84.9,27.0,7239.0,17.8,1080.0,5421.0,1818.0,36.0,4.0,0.0,2.58,5.84
nyc,2026-06-08,76.5,42.4285714286,8094.0,15.4785714286,20.0,6309.0,1785.0,28.1,0.0,0.0,2.18,5.28
nyc,2026-06-09,80.1,43.8571428571,8551.0,17.1142857143,0.0,6598.0,1953.0,33.1,0.0,0.0,2.6,5.99
nyc,2026-06-10,81.3,97.8571428571,4975.0,14.6857142857,80.0,1917.0,3058.0,39.2,24.0,0.0,1.5,3.79
nyc,2026-06-11,97.1,91.7142857143,7310.0,15.3857142857,2050.0,3943.0,3367.0,35.3,37.0,0.0,3.96,6.48
nyc,2026-06-12,97.2,57.7142857143,6467.0,16.2928571429,2070.0,4340.0,2127.0,47.9,35.0,0.0,3.85,5.89
nyc,2026-06-13,89.3,1.0714285714,8552.0,10.2571428571,10.0,7129.0,1423.0,25.9,0.0,0.0,3.38,6.77
nyc,2026-06-14,91.2,75.0,7605.0,19.8928571429,450.0,4150.0,3455.0,65.2,7.0,0.0,3.65,6.88
nyc,2026-06-15,79.2,23.0,8444.0,19.1071428571,10.0,6794.0,1650.0,38.2,7.0,0.0,2.25,6.11
nyc,2026-06-16,80.2,12.3571428571,8717.0,11.2285714286,30.0,7191.0,1526.0,36.7,0.0,0.0,2.68,6.05
nyc,2026-06-17,78.6,66.7142857143,7309.0,14.2642857143,610.0,3792.0,3517.0,34.2,16.0,0.0,1.74,4.92
nyc,2026-06-18,87.7,70.5,5755.0,21.8,1720.0,3429.0,2326.0,56.9,21.0,0.7,2.77,4.56
nyc,2026-06-19,84.7,69.5,7868.0,19.3785714286,60.0,3674.0,4194.0,36.4,1.0,0.0,2.94,6.68
nyc,2026-06-20,84.0,34.1428571429,7617.0,21.5071428571,30.0,5198.0,2419.0,47.9,1.0,0.0,3.1,6.79
nyc,2026-06-21,83.1,43.2142857143,5620.0,10.35,320.0,3645.0,1975.0,28.4,12.0,0.0,2.74,4.74
nyc,2026-06-22,78.7,99.4285714286,3509.0,20.2285714286,740.0,55.0,3454.0,78.8,42.0,0.7,1.51,2.91
nyc,2026-06-23,75.2,100.0,2988.0,11.4,960.0,22.0,2966.0,31.3,46.0,8.1,0.55,1.96
nyc,2026-06-24,84.2,22.2142857143,7973.0,12.3642857143,130.0,5621.0,2352.0,27.4,0.0,0.0,2.88,5.94
nyc,2026-06-25,85.1,55.2857142857,8181.0,14.9428571429,130.0,5859.0,2322.0,46.4,4.0,0.0,2.56,6.3
nyc,2026-06-26,88.1,94.6428571429,6489.0,13.0428571429,1020.0,2635.0,3854.0,28.8,21.0,0.0,2.54,5.12
nyc,2026-06-27,81.6,91.9285714286,4090.0,10.0071428571,250.0,953.0,3137.0,25.2,19.0,0.0,1.66,3.25
nyc,2026-06-28,82.9,74.6428571429,4445.0,10.2357142857,600.0,2324.0,2121.0,20.5,4.0,0.0,1.61,3.27
nyc,2026-06-29,90.1,27.9285714286,7961.0,9.6928571429,330.0,5971.0,1990.0,23.8,1.0,0.0,3.48,6.04
nyc,2026-06-30,88.8,24.2857142857,7936.0,17.8642857143,90.0,5726.0,2210.0,43.2,4.0,0.0,2.75,6.68
nyc,2026-07-01,96.0,34.2857142857,7805.0,18.2357142857,1760.0,5576.0,2229.0,39.2,13.0,2.2,3.13,6.67
nyc,2026-07-02,103.2,2.2857142857,8083.0,14.7785714286,2670.0,6552.0,1531.0,35.3,1.0,0.0,4.54,7.36
nyc,2026-07-03,105.1,3.9285714286,8177.0,13.3714285714,1720.0,6759.0,1418.0,31.7,12.0,0.0,5.87,8.12
nyc,2026-07-04,101.2,32.0,6070.0,13.2571428571,2130.0,4347.0,1723.0,36.7,30.0,0.0,4.61,6.17
nyc,2026-07-05,87.3,99.8571428571,5835.0,10.3714285714,1320.0,1337.0,4498.0,31.3,53.0,4.3,1.94,4.52
nyc,2026-07-06,72.8,100.0,1240.0,16.2285714286,140.0,1.0,1239.0,53.3,62.0,9.0,0.3,1.03
nyc,2026-07-07,75.9,98.5,3919.0,14.45,70.0,632.0,3287.0,34.9,10.0,0.0,0.67,2.59
nyc,2026-07-08,84.1,16.7857142857,8323.0,7.8142857143,0.0,6773.0,1550.0,23.4,1.0,0.0,2.15,5.71
nyc,2026-07-09,82.7,82.5,4869.0,15.1285714286,2050.0,1555.0,3314.0,31.0,29.0,8.3,0.99,3.22
nyc,2026-07-10,89.1,82.2142857143,5963.0,11.7642857143,2790.0,2494.0,3469.0,48.6,23.0,52.2,2.48,4.73
nyc,2026-07-11,81.3,100.0,4911.0,11.9571428571,850.0,1097.0,3814.0,40.3,23.0,0.8,1.3,3.21
nyc,2026-07-12,87.5,11.4285714286,7495.0,10.2071428571,480.0,5397.0,2098.0,25.9,0.0,0.0,3.02,5.51
nyc,2026-07-13,87.1,10.4285714286,7784.0,15.5142857143,100.0,5654.0,2130.0,35.6,2.0,0.0,2.73,6.1
nyc,2026-07-14,96.9,23.0714285714,8002.0,18.8214285714,450.0,6245.0,1757.0,38.9,2.0,0.0,4.17,7.42
nyc,2026-07-15,100.5,45.7857142857,7227.0,16.5857142857,2340.0,4285.0,2942.0,43.9,9.0,0.0,4.39,7.21
nyc,2026-07-16,94.8,87.7857142857,5800.0,12.7142857143,1490.0,1488.0,4312.0,38.2,2.0,0.0,3.79,5.8
nyc,2026-07-17,89.8,63.1428571429,8116.0,10.2142857143,0.0,5824.0,2292.0,19.1,1.0,0.0,3.93,6.64
nyc,2026-07-18,86.6,97.7857142857,3762.0,15.9857142857,3420.0,874.0,2888.0,64.1,53.0,1.1,1.57,3.0
nyc,2026-07-19,80.6,15.2142857143,8067.0,15.6071428571,830.0,6440.0,1627.0,38.2,0.0,0.0,2.15,5.75
nyc,2026-07-20,83.3,8.0,8230.0,9.9214285714,0.0,6792.0,1438.0,29.9,0.0,0.0,2.66,5.93
nyc,2026-07-21,79.4,99.0714285714,3189.0,18.4142857143,2540.0,499.0,2690.0,60.1,45.0,107.3,1.13,2.38
nyc,2026-07-22,86.6,45.0714285714,5630.0,15.4928571429,2600.0,3090.0,2540.0,45.4,8.0,0.0,2.25,4.48
nyc,2026-07-23,80.8,2.7857142857,8172.0,12.9285714286,0.0,6749.0,1423.0,31.0,0.0,0.0,2.33,5.95
nyc,2026-07-24,84.3,36.7857142857,8109.0,9.2428571429,0.0,6507.0,1602.0,19.8,0.0,0.0,2.7,5.94
nyc,2026-07-25,82.5,6.9285714286,8011.0,13.5285714286,0.0,6212.0,1799.0,24.8,0.0,0.0,2.55,6.04
nyc,2026-07-26,84.7,25.7142857143,7212.0,11.0285714286,40.0,5040.0,2172.0,20.2,1.0,0.0,2.65,5.23
nyc,2026-07-27,86.8,24.0,6547.0,10.3857142857,1330.0,4264.0,2283.0,30.6,16.0,0.0,2.39,5.05
nyc,2026-07-28,81.9,87.2857142857,5519.0,24.7571428571,1660.0,1605.0,3914.0,59.4,64.0,4.0,1.23,3.97
nyc,2026-07-29,81.5,59.1428571429,4429.0,8.0714285714,2110.0,2099.0,2330.0,29.9,47.0,18.8,1.25,3.19
nyc,2026-07-30,77.3,86.7142857143,2254.0,14.0785714286,1110.0,783.0,1471.0,34.6,17.0,2.9,0.93,1.96
san-francisco,2026-06-03,71.4,23.9285714286,8538.0,27.3857142857,0.0,6800.0,1738.0,65.9,1.0,0.0,1.58,4.88
san-francisco,2026-06-04,68.5,2.5,8768.0,22.4,0.0,7224.0,1544.0,47.9,1.0,0.0,1.12,4.86
san-francisco,2026-06-05,73.1,1.1428571429,8624.0,21.6428571429,0.0,7269.0,1355.0,56.5,1.0,0.0,1.5,5.31
san-francisco,2026-06-06,65.0,41.7142857143,8594.0,28.6857142857,0.0,6402.0,2192.0,56.9,2.0,0.0,0.99,4.51
san-francisco,2026-06-07,68.5,50.4285714286,8643.0,19.6071428571,0.0,6677.0,1966.0,53.6,1.0,0.0,1.26,4.78
san-francisco,2026-06-08,64.3,79.5,6733.0,25.75,0.0,4564.0,2169.0,56.5,7.0,0.0,0.72,3.24
san-francisco,2026-06-09,65.8,33.7142857143,7323.0,17.9285714286,0.0,5437.0,1886.0,41.8,1.0,0.0,0.73,3.77
san-francisco,2026-06-10,78.5,13.1428571429,8735.0,15.7857142857,0.0,7412.0,1323.0,40.0,0.0,0.0,2.24,6.03
san-francisco,2026-06-11,93.1,0.0,8828.0,8.2714285714,0.0,7508.0,1320.0,22.7,0.0,0.0,4.3,6.81
san-francisco,2026-06-12,88.1,1.2857142857,8696.0,7.0,0.0,7303.0,1393.0,19.4,0.0,0.0,2.95,5.97
san-francisco,2026-06-13,81.2,19.2857142857,8426.0,6.9142857143,0.0,6582.0,1844.0,15.1,0.0,0.0,2.07,5.33
san-francisco,2026-06-14,75.8,16.0714285714,8254.0,9.0785714286,0.0,6641.0,1613.0,20.5,0.0,0.0,1.4,4.92
san-francisco,2026-06-15,69.7,31.5,7667.0,12.7714285714,0.0,5595.0,2072.0,32.8,1.0,0.0,0.89,4.16
san-francisco,2026-06-16,70.7,32.6428571429,7855.0,12.6285714286,0.0,5894.0,1961.0,31.0,1.0,0.0,0.8,4.23
san-francisco,2026-06-17,71.9,23.9285714286,8051.0,10.0714285714,0.0,6278.0,1773.0,29.9,1.0,0.0,0.91,4.63
san-francisco,2026-06-18,69.5,18.0714285714,8164.0,16.0142857143,0.0,6248.0,1916.0,41.4,0.0,0.0,0.79,4.37
san-francisco,2026-06-19,70.2,21.8571428571,8322.0,20.4785714286,0.0,6455.0,1867.0,45.4,1.0,0.0,0.91,4.39
san-francisco,2026-06-20,68.5,56.5,5875.0,12.4571428571,10.0,3673.0,2202.0,30.6,1.0,0.0,0.9,3.31
san-francisco,2026-06-21,65.3,33.7142857143,7945.0,16.6285714286,0.0,5822.0,2123.0,36.0,1.0,0.0,0.58,3.76
san-francisco,2026-06-22,66.0,30.5,8255.0,16.2,0.0,6493.0,1762.0,33.5,1.0,0.0,0.63,4.0
san-francisco,2026-06-23,71.0,23.4285714286,8163.0,14.9071428571,0.0,6430.0,1733.0,34.2,1.0,0.0,1.06,4.4
san-francisco,2026-06-24,71.1,20.7142857143,8512.0,15.15,0.0,6846.0,1666.0,35.6,1.0,0.0,1.07,4.58
san-francisco,2026-06-25,66.2,12.6428571429,8339.0,19.8642857143,0.0,6632.0,1707.0,58.7,2.0,0.0,0.73,4.11
san-francisco,2026-06-26,65.0,93.2142857143,3522.0,16.9142857143,10.0,537.0,2985.0,43.6,3.0,0.0,0.32,1.86
san-francisco,2026-06-27,63.6,42.6428571429,7243.0,25.7071428571,50.0,4601.0,2642.0,61.2,2.0,0.0,0.72,3.6
san-francisco,2026-06-28,73.6,0.2857142857,8878.0,17.1642857143,0.0,7638.0,1240.0,46.8,1.0,0.0,1.67,5.58
san-francisco,2026-06-29,76.6,1.5714285714,8753.0,15.1928571429,0.0,7311.0,1442.0,47.2,2.0,0.0,1.78,5.67
san-francisco,2026-06-30,74.6,3.2857142857,8813.0,15.0714285714,0.0,7393.0,1420.0,45.7,1.0,0.0,1.49,5.31
san-francisco,2026-07-01,75.1,4.2857142857,8689.0,11.2071428571,0.0,7219.0,1470.0,30.6,1.0,0.0,1.64,5.4
san-francisco,2026-07-02,74.4,56.9285714286,7735.0,9.9,0.0,4145.0,3590.0,29.9,1.0,0.0,1.48,4.77
san-francisco,2026-07-03,76.5,7.3571428571,8391.0,11.9142857143,0.0,6835.0,1556.0,33.1,0.0,0.0,1.65,4.98
san-francisco,2026-07-04,76.1,22.0,8301.0,12.3714285714,0.0,6380.0,1921.0,37.1,0.0,0.0,1.66,4.76
san-francisco,2026-07-05,67.7,40.2857142857,7573.0,16.7214285714,0.0,5702.0,1871.0,35.3,1.0,0.0,0.79,3.85
san-francisco,2026-07-06,63.1,58.4285714286,7539.0,17.2714285714,0.0,5004.0,2535.0,36.4,2.0,0.0,0.55,3.46
san-francisco,2026-07-07,62.1,89.5714285714,4761.0,20.2714285714,10.0,1223.0,3538.0,42.8,2.0,0.0,0.42,2.22
san-francisco,2026-07-08,65.7,42.1428571429,7625.0,21.6714285714,0.0,5341.0,2284.0,49.0,2.0,0.0,0.65,3.51
san-francisco,2026-07-09,68.7,8.2142857143,8342.0,20.7642857143,0.0,6831.0,1511.0,49.7,2.0,0.0,0.84,4.34
san-francisco,2026-07-10,65.5,17.1428571429,8228.0,21.7642857143,0.0,6816.0,1412.0,48.6,2.0,0.0,0.64,3.99
san-francisco,2026-07-11,73.0,92.0,8006.0,18.7214285714,0.0,4868.0,3138.0,46.1,1.0,0.0,1.36,4.8
san-francisco,2026-07-12,77.8,88.0,7092.0,11.7214285714,0.0,2397.0,4695.0,32.4,2.0,0.0,1.95,4.92
san-francisco,2026-07-13,91.0,59.6428571429,6970.0,12.3428571429,0.0,3757.0,3213.0,39.2,3.0,0.0,3.77,5.43
san-francisco,2026-07-14,77.2,20.7857142857,8097.0,18.7642857143,0.0,6586.0,1511.0,53.3,3.0,0.0,2.0,5.63
san-francisco,2026-07-15,72.0,2.6428571429,8546.0,23.7071428571,0.0,7226.0,1320.0,61.9,1.0,0.0,1.39,5.34
san-francisco,2026-07-16,66.9,6.7142857143,8564.0,27.7357142857,0.0,7132.0,1432.0,59.4,2.0,0.0,0.86,4.36
san-francisco,2026-07-17,63.6,28.3571428571,7633.0,19.6571428571,0.0,5416.0,2217.0,37.8,2.0,0.0,0.52,3.44
san-francisco,2026-07-18,64.8,31.5714285714,8184.0,17.6928571429,0.0,6656.0,1528.0,35.3,1.0,0.0,0.56,3.74
san-francisco,2026-07-19,67.5,89.1428571429,6927.0,15.8,0.0,2081.0,4846.0,33.8,2.0,0.0,0.78,3.44
san-francisco,2026-07-20,66.0,99.7857142857,3940.0,13.3142857143,0.0,775.0,3165.0,35.3,3.0,0.0,0.61,2.23
san-francisco,2026-07-21,74.6,69.5,6528.0,14.95,0.0,1974.0,4554.0,39.2,2.0,0.0,1.58,4.3
san-francisco,2026-07-22,75.6,17.5714285714,8061.0,17.3214285714,0.0,6749.0,1312.0,34.2,2.0,0.0,1.08,4.64
san-francisco,2026-07-23,66.5,36.0,7678.0,24.5857142857,0.0,5301.0,2377.0,51.5,2.0,0.0,0.64,3.63
san-francisco,2026-07-24,67.3,31.9285714286,7841.0,25.0142857143,0.0,6067.0,1774.0,54.0,2.0,0.0,0.73,3.78
san-francisco,2026-07-25,68.4,47.4285714286,7881.0,24.5428571429,0.0,5772.0,2109.0,51.5,2.0,0.0,0.78,4.0
san-francisco,2026-07-26,67.8,32.7857142857,7462.0,23.7071428571,0.0,5688.0,1774.0,54.4,2.0,0.0,0.71,3.71
san-francisco,2026-07-27,66.0,24.5714285714,7463.0,27.5428571429,0.0,5423.0,2040.0,64.8,2.0,0.0,0.69,3.61
san-francisco,2026-07-28,68.9,10.0,7973.0,26.7071428571,0.0,6444.0,1529.0,59.8,3.0,0.0,0.83,4.12
san-francisco,2026-07-29,68.5,10.3571428571,7929.0,22.8642857143,0.0,6595.0,1334.0,54.4,2.0,0.0,0.78,4.1
san-francisco,2026-07-30,70.7,5.5,8282.0,24.1214285714,0.0,7106.0,1176.0,56.2,2.0,0.0,1.21,4.81
seattle,2026-06-03,65.8,95.2142857143,3642.0,14.5285714286,20.0,215.0,3427.0,38.5,3.0,0.4,1.0,2.37
seattle,2026-06-04,64.4,37.6428571429,7544.0,16.1214285714,40.0,4444.0,3100.0,32.8,8.0,0.0,1.18,4.08
seattle,2026-06-05,58.3,87.4285714286,4071.0,19.85,210.0,907.0,3164.0,40.7,35.0,0.4,0.62,2.1
seattle,2026-06-06,56.8,86.5,4868.0,11.7285714286,440.0,1649.0,3219.0,30.2,45.0,1.5,0.54,2.39
seattle,2026-06-07,63.4,78.0,7744.0,13.6785714286,30.0,4640.0,3104.0,29.5,2.0,0.0,1.2,4.04
seattle,2026-06-08,58.9,98.9285714286,3069.0,9.6642857143,120.0,33.0,3036.0,40.3,82.0,8.6,0.65,1.72
seattle,2026-06-09,57.0,85.1428571429,4691.0,28.45,110.0,1236.0,3455.0,59.0,27.0,0.0,0.43,1.98
seattle,2026-06-10,64.4,29.1428571429,7689.0,8.7428571429,90.0,5168.0,2521.0,17.3,6.0,0.0,1.14,4.0
seattle,2026-06-11,69.3,6.5714285714,8594.0,8.1571428571,0.0,7155.0,1439.0,13.0,1.0,0.0,1.4,4.94
seattle,2026-06-12,71.7,0.8571428571,8625.0,12.9357142857,0.0,7252.0,1373.0,26.3,0.0,0.0,1.69,5.15
seattle,2026-06-13,80.7,4.8571428571,8501.0,16.2,0.0,7076.0,1425.0,30.6,0.0,0.0,2.33,6.01
seattle,2026-06-14,86.8,0.5714285714,8495.0,14.7785714286,0.0,7087.0,1408.0,27.4,0.0,0.0,3.27,6.79
seattle,2026-06-15,88.8,98.6428571429,7795.0,7.2071428571,0.0,3673.0,4122.0,30.6,1.0,0.0,3.36,5.99
seattle,2026-06-16,69.6,65.0,4050.0,9.3,30.0,2189.0,1861.0,27.4,2.0,0.0,1.28,2.81
seattle,2026-06-17,73.8,4.0714285714,8601.0,9.2785714286,0.0,7108.0,1493.0,19.8,0.0,0.0,1.83,5.35
seattle,2026-06-18,76.6,47.0,8455.0,14.0,0.0,6203.0,2252.0,32.4,0.0,0.0,1.81,5.48
seattle,2026-06-19,81.0,0.5714285714,8446.0,9.85,0.0,6963.0,1483.0,31.0,0.0,0.0,2.32,5.77
seattle,2026-06-20,75.7,2.0714285714,8578.0,10.2214285714,0.0,7106.0,1472.0,23.8,0.0,0.0,1.79,5.34
seattle,2026-06-21,77.6,4.9285714286,8510.0,10.6928571429,0.0,6930.0,1580.0,22.0,0.0,0.0,2.16,5.53
seattle,2026-06-22,82.6,17.9285714286,8568.0,15.7071428571,0.0,6975.0,1593.0,29.5,0.0,0.0,2.77,6.42
seattle,2026-06-23,89.3,67.7857142857,8170.0,13.8428571429,710.0,4671.0,3499.0,34.6,1.0,0.0,3.48,6.68
seattle,2026-06-24,84.6,74.2142857143,8258.0,10.2428571429,470.0,5713.0,2545.0,25.2,2.0,0.0,2.76,6.12
seattle,2026-06-25,70.3,100.0,5790.0,14.9714285714,10.0,1013.0,4777.0,29.2,18.0,1.1,1.21,3.43
seattle,2026-06-26,62.3,80.0714285714,3300.0,18.9142857143,70.0,1035.0,2265.0,41.4,26.0,1.1,0.58,1.96
seattle,2026-06-27,65.4,78.5,5485.0,12.4071428571,170.0,1645.0,3840.0,23.8,13.0,0.0,1.05,3.26
seattle,2026-06-28,67.7,79.2857142857,5699.0,16.8714285714,60.0,2707.0,2992.0,32.4,3.0,0.0,1.07,3.49
seattle,2026-06-29,69.0,63.1428571429,6691.0,16.5857142857,10.0,3124.0,3567.0,28.4,5.0,0.0,1.07,3.77
seattle,2026-06-30,66.8,60.1428571429,5618.0,17.0785714286,10.0,2643.0,2975.0,28.8,4.0,0.0,1.12,3.34
seattle,2026-07-01,67.0,93.2857142857,5804.0,11.9428571429,20.0,1356.0,4448.0,24.8,2.0,0.0,1.18,3.47
seattle,2026-07-02,71.3,62.8571428571,7498.0,12.2071428571,0.0,3612.0,3886.0,26.3,13.0,0.0,1.42,4.48
seattle,2026-07-03,71.3,88.4285714286,4928.0,9.7357142857,20.0,1217.0,3711.0,21.2,2.0,0.0,1.25,3.09
seattle,2026-07-04,70.2,23.0714285714,8033.0,11.4642857143,0.0,6098.0,1935.0,20.2,1.0,0.0,1.13,4.63
seattle,2026-07-05,74.0,9.4285714286,8498.0,14.6642857143,0.0,6948.0,1550.0,33.1,0.0,0.0,1.69,5.23
seattle,2026-07-06,84.3,15.0,8461.0,10.4,0.0,7049.0,1412.0,26.6,0.0,0.0,2.85,5.97
seattle,2026-07-07,76.7,58.4285714286,8280.0,9.75,0.0,6387.0,1893.0,15.1,2.0,0.0,1.76,5.18
seattle,2026-07-08,72.9,90.0714285714,5513.0,6.2785714286,20.0,2492.0,3021.0,13.0,2.0,0.0,1.27,3.49
seattle,2026-07-09,76.4,14.2142857143,8180.0,7.0928571429,0.0,6776.0,1404.0,11.2,3.0,0.0,1.88,5.09
seattle,2026-07-10,70.8,83.5,5126.0,13.3142857143,10.0,1608.0,3518.0,26.6,4.0,0.0,1.13,3.17
seattle,2026-07-11,67.3,66.0,5437.0,15.0785714286,20.0,2140.0,3297.0,43.2,5.0,0.0,0.98,3.41
seattle,2026-07-12,70.1,15.7142857143,8229.0,10.7857142857,0.0,6601.0,1628.0,23.4,2.0,0.0,1.48,4.94
seattle,2026-07-13,77.2,0.2857142857,8409.0,12.4428571429,0.0,6918.0,1491.0,22.7,0.0,0.0,2.23,5.62
seattle,2026-07-14,83.0,0.1428571429,8377.0,11.0857142857,0.0,7054.0,1323.0,20.2,0.0,0.0,3.01,6.06
seattle,2026-07-15,83.2,26.7857142857,8018.0,9.1214285714,0.0,6268.0,1750.0,21.2,2.0,0.0,2.76,5.85
seattle,2026-07-16,72.0,48.3571428571,5943.0,16.2571428571,0.0,4033.0,1910.0,31.0,29.0,0.0,1.02,3.71
seattle,2026-07-17,73.6,28.7142857143,7555.0,10.45,20.0,6014.0,1541.0,18.7,1.0,0.0,1.5,4.57
seattle,2026-07-18,75.2,8.1428571429,7856.0,9.2,0.0,6365.0,1491.0,20.2,1.0,0.0,1.58,4.85
seattle,2026-07-19,77.7,2.0714285714,8117.0,14.2428571429,0.0,6745.0,1372.0,25.6,0.0,0.0,1.78,5.32
seattle,2026-07-20,86.1,100.0,7179.0,10.0357142857,0.0,2729.0,4450.0,34.2,0.0,0.0,2.97,5.36
seattle,2026-07-21,90.2,21.2142857143,7571.0,8.8071428571,0.0,5435.0,2136.0,18.0,2.0,0.0,3.44,6.05
seattle,2026-07-22,93.0,36.5,6656.0,10.0,0.0,4212.0,2444.0,28.8,4.0,0.0,3.91,5.8
seattle,2026-07-23,74.8,41.7142857143,6673.0,13.7714285714,0.0,3595.0,3078.0,27.0,16.0,0.0,1.26,4.06
seattle,2026-07-24,81.6,19.5,7598.0,10.9857142857,0.0,6108.0,1490.0,29.9,0.0,0.0,2.06,5.03
seattle,2026-07-25,70.4,55.5714285714,5713.0,18.8071428571,20.0,3002.0,2711.0,38.2,3.0,0.0,1.12,3.69
seattle,2026-07-26,70.0,88.9285714286,2935.0,12.65,10.0,470.0,2465.0,26.6,17.0,0.0,0.9,2.06
seattle,2026-07-27,77.5,4.7857142857,7700.0,13.7714285714,10.0,6337.0,1363.0,27.0,3.0,0.0,1.9,5.02
seattle,2026-07-28,71.7,47.4285714286,6358.0,17.8357142857,50.0,3821.0,2537.0,32.8,2.0,0.0,1.09,4.07
seattle,2026-07-29,75.9,35.1428571429,7769.0,9.2428571429,0.0,5953.0,1816.0,19.8,0.0,0.0,1.99,5.0
seattle,2026-07-30,76.4,6.7142857143,7872.0,10.6214285714,0.0,6772.0,1100.0,18.4,1.0,0.0,2.08,4.98
toronto,2026-06-03,28.6,6.7857142857,8557.0,9.3642857143,0.0,6976.0,1581.0,20.2,0.0,0.0,3.06,6.35
toronto,2026-06-04,29.0,85.0714285714,8021.0,14.8857142857,0.0,3875.0,4146.0,28.1,0.0,0.0,3.08,6.56
toronto,2026-06-05,30.1,89.0714285714,6902.0,15.75,90.0,3099.0,3803.0,33.5,12.0,0.0,2.95,6.02
toronto,2026-06-06,25.7,60.1428571429,7340.0,24.0357142857,1520.0,4849.0,2491.0,54.0,20.0,0.0,1.55,4.96
toronto,2026-06-07,22.2,69.4285714286,6048.0,15.05,20.0,1548.0,4500.0,37.8,0.0,0.0,1.18,3.82
toronto,2026-06-08,24.4,41.8571428571,8358.0,12.2714285714,20.0,6438.0,1920.0,22.0,0.0,0.0,1.5,5.13
toronto,2026-06-09,28.4,96.2857142857,6351.0,9.7571428571,360.0,2310.0,4041.0,34.2,41.0,1.1,1.63,4.38
toronto,2026-06-10,28.4,61.0,6252.0,16.0071428571,1760.0,3031.0,3221.0,40.3,14.0,0.0,1.67,4.35
toronto,2026-06-11,31.4,86.0,6863.0,17.75,970.0,3708.0,3155.0,45.0,17.0,0.0,2.37,5.69
toronto,2026-06-12,26.8,51.1428571429,7216.0,21.5214285714,290.0,4985.0,2231.0,43.2,12.0,0.0,1.99,5.49
toronto,2026-06-13,29.1,32.9285714286,8137.0,19.4142857143,500.0,6167.0,1970.0,44.6,4.0,0.0,2.7,6.58
toronto,2026-06-14,18.5,87.3571428571,1779.0,11.1071428571,120.0,81.0,1698.0,35.3,56.0,5.5,0.48,1.11
toronto,2026-06-15,20.5,72.7142857143,7250.0,16.6285714286,30.0,3136.0,4114.0,26.3,0.0,0.0,1.6,4.31
toronto,2026-06-16,22.7,83.9285714286,5791.0,15.5928571429,1150.0,2569.0,3222.0,38.9,51.0,2.5,1.57,3.95
toronto,2026-06-17,22.3,84.6428571429,4661.0,14.7642857143,410.0,1400.0,3261.0,31.3,16.0,0.0,1.21,3.27
toronto,2026-06-18,21.4,70.3571428571,6063.0,25.1357142857,630.0,3344.0,2719.0,61.9,23.0,0.0,0.72,3.27
toronto,2026-06-19,22.2,8.2857142857,7881.0,25.7,580.0,5986.0,1895.0,50.8,2.0,0.0,1.39,4.79
toronto,2026-06-20,22.5,64.2857142857,6981.0,15.6714285714,190.0,4267.0,2714.0,33.1,12.0,0.0,1.63,4.82
toronto,2026-06-21,24.7,42.2857142857,7666.0,9.9214285714,130.0,5654.0,2012.0,16.9,2.0,0.0,2.02,5.28
toronto,2026-06-22,17.2,93.6428571429,2306.0,9.3285714286,50.0,77.0,2229.0,30.2,43.0,5.8,0.73,1.35
toronto,2026-06-23,23.8,33.0714285714,8276.0,17.7428571429,80.0,5917.0,2359.0,29.9,0.0,0.0,1.82,5.31
toronto,2026-06-24,25.7,72.4285714286,6705.0,11.0285714286,120.0,3485.0,3220.0,23.0,8.0,0.0,2.16,5.12
toronto,2026-06-25,18.4,85.3571428571,3184.0,9.7571428571,720.0,843.0,2341.0,21.2,48.0,3.7,0.39,1.79
toronto,2026-06-26,24.0,68.8571428571,6100.0,10.3785714286,310.0,3305.0,2795.0,19.4,4.0,0.0,1.41,4.0
toronto,2026-06-27,25.7,23.7142857143,7802.0,10.1642857143,320.0,6012.0,1790.0,16.6,1.0,0.0,1.79,5.17
toronto,2026-06-28,28.0,13.4285714286,8455.0,11.0285714286,150.0,6830.0,1625.0,18.4,1.0,0.0,2.45,6.03
toronto,2026-06-29,28.9,66.4285714286,8206.0,13.1785714286,0.0,5533.0,2673.0,23.8,2.0,0.0,2.55,6.33
toronto,2026-06-30,34.4,39.7857142857,6875.0,17.7357142857,4130.0,4842.0,2033.0,47.2,18.0,0.0,2.82,5.96
toronto,2026-07-01,36.0,24.6428571429,7476.0,17.9714285714,3840.0,5591.0,1885.0,35.6,12.0,0.0,3.37,6.8
toronto,2026-07-02,35.0,1.4285714286,8206.0,19.0,2200.0,6823.0,1383.0,37.1,13.0,0.0,3.32,7.29
toronto,2026-07-03,34.0,71.6428571429,6664.0,18.0785714286,1740.0,3794.0,2870.0,43.9,28.0,0.0,2.98,6.23
toronto,2026-07-04,27.3,94.4285714286,3793.0,9.3142857143,1870.0,902.0,2891.0,19.1,36.0,11.9,1.25,2.86
toronto,2026-07-05,26.8,100.0,5303.0,12.3642857143,300.0,391.0,4912.0,28.8,6.0,0.0,2.01,4.16
toronto,2026-07-06,26.9,99.1428571429,5874.0,13.9428571429,660.0,484.0,5390.0,28.1,3.0,0.4,1.74,4.52
toronto,2026-07-07,28.2,14.2857142857,7892.0,14.5785714286,170.0,5839.0,2053.0,24.1,1.0,0.0,1.83,5.41
toronto,2026-07-08,32.5,17.3571428571,7816.0,9.0857142857,230.0,6006.0,1810.0,19.4,1.0,0.0,3.32,6.09
toronto,2026-07-09,30.2,65.5714285714,4379.0,11.2071428571,1030.0,1741.0,2638.0,35.3,48.0,4.7,2.14,3.57
toronto,2026-07-10,28.0,47.5,5761.0,8.0357142857,1390.0,3299.0,2462.0,19.4,13.0,0.0,1.68,4.05
toronto,2026-07-11,28.5,24.6428571429,7485.0,11.9571428571,180.0,5102.0,2383.0,22.7,0.0,0.0,2.65,5.76
toronto,2026-07-12,28.0,60.2142857143,8163.0,10.4571428571,0.0,5936.0,2227.0,18.7,0.0,0.0,2.3,5.94
toronto,2026-07-13,33.0,32.3571428571,7719.0,14.2857142857,410.0,4837.0,2882.0,29.9,3.0,0.0,3.43,6.65
toronto,2026-07-14,36.9,72.5,8092.0,21.9357142857,2300.0,6180.0,1912.0,42.5,0.0,0.0,4.06,7.97
toronto,2026-07-15,32.6,99.6428571429,5191.0,18.5214285714,160.0,988.0,4203.0,41.8,2.0,0.0,3.45,5.89
toronto,2026-07-16,27.4,82.1428571429,2862.0,15.0642857143,0.0,335.0,2527.0,34.9,0.0,0.0,2.57,3.44
toronto,2026-07-17,27.1,80.2857142857,6646.0,10.4928571429,0.0,2379.0,4267.0,22.7,3.0,0.0,2.08,5.0
toronto,2026-07-18,33.3,79.7857142857,5183.0,22.6,2600.0,3032.0,2151.0,67.7,29.0,0.4,2.76,4.32
toronto,2026-07-19,23.5,23.0,8045.0,16.2714285714,10.0,6409.0,1636.0,29.2,0.0,0.0,1.89,5.28
toronto,2026-07-20,26.6,40.5,7963.0,10.8,0.0,6070.0,1893.0,28.1,1.0,0.0,2.3,5.63
toronto,2026-07-21,26.7,75.5,4640.0,18.1,2650.0,1522.0,3118.0,48.6,43.0,0.7,1.19,3.43
toronto,2026-07-22,19.6,82.9285714286,3666.0,17.9714285714,60.0,370.0,3296.0,36.7,1.0,0.0,1.17,2.63
toronto,2026-07-23,24.7,12.7857142857,8015.0,11.6857142857,40.0,6238.0,1777.0,23.0,0.0,0.0,2.06,5.41
toronto,2026-07-24,25.8,50.5714285714,8087.0,9.4714285714,0.0,5996.0,2091.0,17.3,0.0,0.0,2.26,5.56
toronto,2026-07-25,26.7,83.7857142857,5328.0,10.3642857143,160.0,2000.0,3328.0,24.8,11.0,0.0,1.47,3.89
toronto,2026-07-26,29.0,75.9285714286,5305.0,7.7857142857,1130.0,2243.0,3062.0,15.8,24.0,0.0,2.32,4.21
toronto,2026-07-27,28.7,72.4285714286,6548.0,9.6928571429,2240.0,3811.0,2737.0,34.9,37.0,5.0,1.81,4.62
toronto,2026-07-28,24.3,64.6428571429,5413.0,21.0714285714,1300.0,2215.0,3198.0,50.4,37.0,6.1,0.98,3.47
toronto,2026-07-29,25.6,10.7142857143,7527.0,26.4071428571,20.0,5542.0,1985.0,49.0,1.0,0.0,1.71,5.43
toronto,2026-07-30,27.7,8.0714285714,7686.0,17.2071428571,20.0,6094.0,1592.0,32.4,0.0,0.0,2.11,5.59
