event_id,title,reason
79056,SpaceX Starship fully reusable before 2027?,Non-weather keyword/tag match
86950,New COVID variant of concern before 2027?,Non-weather keyword/tag match
91942,Measles cases in U.S. in 2026?,Non-weather keyword/tag match
95116,New pandemic in 2026?,Non-weather keyword/tag match
102763,How many SpaceX Starship launches reach space in 2026?,Non-weather keyword/tag match
134928,Major meteor strike (10kt+) in 2026?,Non-weather keyword/tag match
134937,5kt meteor strike in 2026?,Non-weather keyword/tag match
139269,100kt meteor strike in 2026?,Non-weather keyword/tag match
139270,1 megaton meteor strike in 2026?,Non-weather keyword/tag match
139482,New Coronavirus Pandemic in 2026?,Non-weather keyword/tag match
149812,Human moon landing in 2026?,Non-weather keyword/tag match
196914,Largest IPO by market cap in 2026?,Non-weather keyword/tag match
576901,SpaceX Starship fully reusable before 2028?,Non-weather keyword/tag match
580337,Screwworm National Emergency declared by...?,Non-weather keyword/tag match
844659,New pandemic before 2028?,Non-weather keyword/tag match
882557,How many West Nile neuroinvasive disease cases will be reported among New York City residents in 2026?,Non-weather keyword/tag match
996046,Will the TFFF reach $10 billion in 2026?,Non-weather keyword/tag match
1030121,How many Chinook will pass Bonneville Dam by October 31?,Non-weather keyword/tag match
578438,Confirmed US Screwworm case in Livestock beyond Texas by...,Non-weather keyword/tag match
174503,CDC issues Level 4 warning by December 31?,Non-weather keyword/tag match
882152,Will Snowflake (SNOW) beat quarterly earnings?,Non-weather keyword/tag match
448037,Hantavirus pandemic in 2026?,Non-weather keyword/tag match
448040,Hantavirus vaccine in 2026? ,Non-weather keyword/tag match
482789,AI data center in space by...?,Non-weather keyword/tag match
488808,Ebola pandemic in 2026?,Non-weather keyword/tag match
511422,Which countries will have an Ebola case in 2026?,Non-weather keyword/tag match
548714,Blue Origin New Glenn launch in 2026?,Non-weather keyword/tag match
844717,Ebola: new country confirmed before October 1?,Non-weather keyword/tag match
904493,Measles cases in U.S. by September 30?,Non-weather keyword/tag match
926181,"Flu Hospitalization Rate Week 34, 2026?",Non-weather keyword/tag match
904357,Measles cases in U.S. by August 31?,Non-weather keyword/tag match
759193,Cyclosporiasis cases in U.S. by August 31?,Non-weather keyword/tag match
885889,"Flu Hospitalization Rate Week 33, 2026?",Non-weather keyword/tag match
849428,"Flu Hospitalization Rate Week 32, 2026?",Non-weather keyword/tag match
776868,Measles cases in U.S. by August 31?,Non-weather keyword/tag match
816184,"Flu Hospitalization Rate Week 31, 2026?",Non-weather keyword/tag match
778726,"Flu Hospitalization Rate Week 30, 2026?",Non-weather keyword/tag match
547946,What caused the Blue Origin New Glenn Explosion?,Non-weather keyword/tag match
704854,Cyclosporiasis cases in U.S. by July 31?,Non-weather keyword/tag match
654056,Measles cases in U.S. by July 31?,Non-weather keyword/tag match
745621,"Flu Hospitalization Rate Week 29, 2026?",Non-weather keyword/tag match
799554,ITF Chacabuco: Luna Maria Cinalli vs Fernanda Rain,Non-weather keyword/tag match
637646,Nick Fuentes and Sophie Rain confirmed relationship by September 30?,Non-weather keyword/tag match
836203,ITF W15 Campos do Jordao Women: Fernanda Rain Contreras vs Victoria Luiza Barros,Non-weather keyword/tag match
868213,ITF W15 Campos do Jordão 2 Women: Fernanda Rain Contreras vs Lara Isabella Kralus,Non-weather keyword/tag match
829041,ITF W15 Campos do Jordao Women: Fernanda Rain Contreras vs Sofia Merlos Cardoso,Non-weather keyword/tag match
960789,PPA - Mixed Doubles: Rachel Rohrabacher / Christian Alshon vs Tyra Hurricane Black / Gabriel Tardio,Non-weather keyword/tag match
955490,PPA - Mixed Doubles: Tyra Hurricane Black / Gabriel Tardio vs Dekel Bar / Jessie Irvine,Non-weather keyword/tag match
951244,PPA - Women's Doubles: Tyra Hurricane Black / Jorja Johnson vs Mehvish Safdar / Helena Jansen,Non-weather keyword/tag match
951220,PPA - Mixed Doubles: Tyra Hurricane Black / Gabriel Tardio vs Isabella Dunlap / Nicolas Acevedo,Non-weather keyword/tag match
948190,PPA - Mixed Doubles: Tyra Hurricane Black / Gabriel Tardio vs Ashley Griffith / George Rangelov,Non-weather keyword/tag match
974641,PPA - Women's Doubles: Anna Bright / Anna Leigh Waters vs Tyra Hurricane Black / Jorja Johnson,Non-weather keyword/tag match
967538,PPA - Women's Doubles: Tyra Hurricane Black / Jorja Johnson vs Kate Fahey / Lea Jansen,Non-weather keyword/tag match
962108,PPA - Women's Doubles: Tyra Hurricane Black / Jorja Johnson vs Etta Tuionetoa / Meghan Dizon,Non-weather keyword/tag match
957061,PPA - Women's Doubles: Tyra Hurricane Black / Jorja Johnson vs Callie Smith / Cailyn Campbell,Non-weather keyword/tag match
926251,Predators vs. Hurricanes,Non-weather keyword/tag match
916104,Panthers vs. Hurricanes,Non-weather keyword/tag match
904584,Hurricanes vs. Panthers,Non-weather keyword/tag match
910591,Top End T20 Series: ACT Comets vs Hobart Hurricanes Academy,Non-weather keyword/tag match
910599,Top End T20 Series: Hobart Hurricanes Academy vs New Zealand A,Non-weather keyword/tag match
904829,Top End T20 Series: Adelaide Strikers Academy vs Hobart Hurricanes Academy,Non-weather keyword/tag match
910749,KCC T20 Summer League: Salwa Boys vs Cochin Hurricanes,Non-weather keyword/tag match
954384,KCC T20 Summer League: Reddy's XI vs Cochin Hurricanes,Non-weather keyword/tag match
940122,KCC T20 Summer League: Cochin Hurricanes vs Royal Lions CC,Non-weather keyword/tag match
953867,Panthers vs. Hurricanes,Non-weather keyword/tag match
1070093,KCC T20 Summer League: Super XI vs Cochin Hurricanes,Non-weather keyword/tag match
1069621,Hurricanes vs. Canucks,Non-weather keyword/tag match
1059215,Hurricanes vs. Flames,Non-weather keyword/tag match
1053874,Hurricanes vs. Jets,Non-weather keyword/tag match
1033571,Capitals vs. Hurricanes,Non-weather keyword/tag match
1023342,Hurricanes vs. Flyers,Non-weather keyword/tag match
1017346,Hurricanes vs. Blackhawks,Non-weather keyword/tag match
1005029,Canucks vs. Hurricanes,Non-weather keyword/tag match
994279,Hurricanes vs. Canadiens,Non-weather keyword/tag match
976499,Hurricanes vs. Flyers,Non-weather keyword/tag match
970184,Capitals vs. Hurricanes,Non-weather keyword/tag match
936780,Hurricanes vs. Predators,Non-weather keyword/tag match
1037163,Persipura Jayapura vs. Kendal Tornado FC,Non-weather keyword/tag match
571194,Israeli forces withdraw from beyond the Litani River by…?,Non-weather keyword/tag match
1074834,CA Sarmiento vs. CA River Plate,Non-weather keyword/tag match
1069783,CA Penarol Montevideo vs. CA Boston River,Non-weather keyword/tag match
726077,CA River Plate vs. CA Rosario Central,Non-weather keyword/tag match
791838,CA Tigre vs. CA River Plate,Non-weather keyword/tag match
807078,CA River Plate vs. Independiente Santa Fe,Non-weather keyword/tag match
791858,CA River Plate vs. AA Argentinos Juniors,Non-weather keyword/tag match
710708,Gimnasia y Esgrima de La Plata vs. CA River Plate,Non-weather keyword/tag match
828782,CA River Plate vs. CA Vélez Sarsfield,Non-weather keyword/tag match
937260,CA Tucumán vs. CA River Plate,Non-weather keyword/tag match
866150,CA Banfield vs. CA River Plate,Non-weather keyword/tag match
977100,CA River Plate vs. CA Huracán,Non-weather keyword/tag match
787031,Independiente Santa Fe vs. CA River Plate,Non-weather keyword/tag match
937251,CA River Plate vs. CS Independiente Rivadavia,Non-weather keyword/tag match
801687,Club Nacional de Football vs. CA Boston River,Non-weather keyword/tag match
827830,CA Boston River vs. Danubio FC,Non-weather keyword/tag match
941457,Liverpool Montevideo vs. CA Boston River,Non-weather keyword/tag match
1032876,CA Boston River vs. CA Progreso,Non-weather keyword/tag match
980337,Racing Club Montevideo vs. CA Boston River,Non-weather keyword/tag match
907197,"Cross River, Nigeria Governor Election Winner",Non-weather keyword/tag match
855652,Albion FC vs. CA Boston River,Non-weather keyword/tag match
894939,CA Boston River vs. CA Cerro,Non-weather keyword/tag match
741381,Will Charles River (CRL) beat quarterly earnings?,Non-weather keyword/tag match
761858,Racing Club Montevideo vs. CA Boston River,Non-weather keyword/tag match
738668,Racing Club Montevideo vs. CA Boston River,Non-weather keyword/tag match
276538,Seattle Sounders FC vs. Real Salt Lake,Non-weather keyword/tag match
1017465,Real Salt Lake vs. New England Revolution,Non-weather keyword/tag match
821871,Orlando City SC vs. Real Salt Lake,Non-weather keyword/tag match
859815,Colorado Rapids SC vs. Real Salt Lake,Non-weather keyword/tag match
910478,"Google Maps renames Lake Ontario to ""Lake America"" by...?",Non-weather keyword/tag match
921472,Houston Dynamo vs. Real Salt Lake,Non-weather keyword/tag match
722013,St. Louis City SC vs. Real Salt Lake,Non-weather keyword/tag match
752111,Real Salt Lake vs. Atlante FC,Non-weather keyword/tag match
806642,Real Salt Lake vs. FC Dallas,Non-weather keyword/tag match
853932,Club León FC vs. Real Salt Lake,Non-weather keyword/tag match
759094,Real Salt Lake vs. FC Juárez,Non-weather keyword/tag match
733395,Tigres de la UANL vs. Real Salt Lake,Non-weather keyword/tag match
936888,Real Salt Lake vs. New York City FC,Non-weather keyword/tag match
791009,Real Salt Lake vs. Minnesota United FC,Non-weather keyword/tag match
976610,Real Salt Lake vs. Vancouver Whitecaps FC,Non-weather keyword/tag match
896069,Real Salt Lake vs. Los Angeles FC,Non-weather keyword/tag match
909984,"Trump renames Lake Ontario to ""Lake America"" in 2026?",Non-weather keyword/tag match
943256,Apple Maps renames Lake Ontario to Lake America by...?,Non-weather keyword/tag match
905674,"Niagara-on-the-Lake, ON Mayoral Election Winner",Non-weather keyword/tag match
959873,"Trump renames Lake Okeechobee to ""Trump Lake"" in 2026?",Non-weather keyword/tag match
