snapshot_id,captured_at_utc,captured_at_local,event_slug,event_updated_at,model_version,top_temp_c,top_probability,wu_history_high_c,wu_current_c,wu_max_since_7am_c,eccc_swob_max_c,weather_forecast_max_c,open_meteo_max_c,eccc_forecast_high_c,model_lte_13c,market_yes_lte_13c,market_no_lte_13c,edge_lte_13c,best_bid_lte_13c,best_ask_lte_13c,last_lte_13c,model_eq_14c,market_yes_eq_14c,market_no_eq_14c,edge_eq_14c,best_bid_eq_14c,best_ask_eq_14c,last_eq_14c,model_eq_15c,market_yes_eq_15c,market_no_eq_15c,edge_eq_15c,best_bid_eq_15c,best_ask_eq_15c,last_eq_15c,model_eq_16c,market_yes_eq_16c,market_no_eq_16c,edge_eq_16c,best_bid_eq_16c,best_ask_eq_16c,last_eq_16c,model_eq_17c,market_yes_eq_17c,market_no_eq_17c,edge_eq_17c,best_bid_eq_17c,best_ask_eq_17c,last_eq_17c,model_eq_18c,market_yes_eq_18c,market_no_eq_18c,edge_eq_18c,best_bid_eq_18c,best_ask_eq_18c,last_eq_18c,model_eq_19c,market_yes_eq_19c,market_no_eq_19c,edge_eq_19c,best_bid_eq_19c,best_ask_eq_19c,last_eq_19c,model_eq_20c,market_yes_eq_20c,market_no_eq_20c,edge_eq_20c,best_bid_eq_20c,best_ask_eq_20c,last_eq_20c,model_eq_21c,market_yes_eq_21c,market_no_eq_21c,edge_eq_21c,best_bid_eq_21c,best_ask_eq_21c,last_eq_21c,model_eq_22c,market_yes_eq_22c,market_no_eq_22c,edge_eq_22c,best_bid_eq_22c,best_ask_eq_22c,last_eq_22c,model_gte_23c,market_yes_gte_23c,market_no_gte_23c,edge_gte_23c,best_bid_gte_23c,best_ask_gte_23c,last_gte_23c
20260528T085513-0400,2026-05-28T12:55:13.165168+00:00,2026-05-28T08:55:13.165168-04:00,highest-temperature-in-toronto-on-may-28-2026,2026-05-28T12:47:40.908176Z,v0.3 empirical intraday,19,0.2786944078899931,16.0,14.0,14.0,16.9,19.0,20.2,21.0,4.757895766072864e-09,0.0005,0.9995,-0.0004999952421042339,,0.001,0.001,3.868407987046611e-05,0.0005,0.9995,-0.0004613159201295339,,0.001,0.002,1.9332467202738032e-05,0.0005,0.9995,-0.000480667532797262,,0.001,0.004,0.1837290292138242,0.0025,0.9975,0.1812290292138242,0.001,0.004,0.002,0.04468902161312559,0.0205,0.9795,0.024189021613125587,0.02,0.021,0.021,0.09303886104670667,0.1,0.9,-0.006961138953293339,0.09,0.11,0.12,0.2786944078899931,0.405,0.595,-0.12630559211000691,0.4,0.41,0.41,0.14025955137618656,0.355,0.645,-0.21474044862381342,0.35,0.36,0.37,0.14016924232385058,0.135,0.865,0.005169242323850576,0.13,0.14,0.12,0.11388149232201715,0.0335,0.9665,0.08038149232201715,0.03,0.037,0.034,0.005480372909327056,0.0035,0.9965,0.001980372909327056,0.003,0.004,0.005
20260528T090517-0400,2026-05-28T13:05:17.858906+00:00,2026-05-28T09:05:17.858906-04:00,highest-temperature-in-toronto-on-may-28-2026,2026-05-28T12:54:00.764968Z,v0.3 empirical intraday,19,0.2786944078899931,16.0,14.0,14.0,16.9,19.0,20.2,21.0,4.757895766072864e-09,0.0005,0.9995,-0.0004999952421042339,,0.001,0.001,3.868407987046611e-05,0.0005,0.9995,-0.0004613159201295339,,0.001,0.002,1.9332467202738032e-05,0.0005,0.9995,-0.000480667532797262,,0.001,0.004,0.1837290292138242,0.0025,0.9975,0.1812290292138242,0.001,0.004,0.002,0.04468902161312559,0.0205,0.9795,0.024189021613125587,0.02,0.021,0.021,0.09303886104670667,0.115,0.885,-0.021961138953293338,0.11,0.12,0.12,0.2786944078899931,0.415,0.585,-0.13630559211000687,0.41,0.42,0.41,0.14025955137618656,0.325,0.675,-0.18474044862381345,0.32,0.33,0.37,0.14016924232385058,0.135,0.865,0.005169242323850576,0.13,0.14,0.12,0.11388149232201715,0.0305,0.9695,0.08338149232201715,0.03,0.031,0.034,0.005480372909327056,0.0035,0.9965,0.001980372909327056,0.003,0.004,0.005
20260528T091612-0400,2026-05-28T13:16:12.207198+00:00,2026-05-28T09:16:12.207198-04:00,highest-temperature-in-toronto-on-may-28-2026,2026-05-28T13:08:45.874195Z,v0.4.1 HGBC feature-based ML model,19,0.3288228305637771,16.0,16.0,16.0,16.9,19.0,20.2,21.0,1.757756464294462e-15,0.0005,0.9995,-0.0004999999999982423,,0.001,0.001,1.3866317673853745e-15,0.0005,0.9995,-0.0004999999999986134,,0.001,0.002,6.910292022907293e-15,0.0005,0.9995,-0.0004999999999930897,,0.001,0.004,3.8320439419589516e-07,0.0025,0.9975,-0.002499616795605804,0.001,0.004,0.002,0.20397865198808757,0.0205,0.9795,0.18347865198808758,0.02,0.021,0.021,0.07150588189021248,0.115,0.885,-0.043494118109787525,0.11,0.12,0.12,0.3288228305637771,0.415,0.585,-0.08617716943622289,0.41,0.42,0.41,0.05198120448487804,0.325,0.675,-0.273018795515122,0.32,0.33,0.37,0.1519476051362552,0.135,0.865,0.01694760513625518,0.13,0.14,0.12,0.1858017685406682,0.0275,0.9725,0.15830176854066821,0.024,0.031,0.034,0.0059616741917171345,0.0055,0.9945,0.0004616741917171348,0.003,0.008,0.008
20260528T092612-0400,2026-05-28T13:26:12.228788+00:00,2026-05-28T09:26:12.228788-04:00,highest-temperature-in-toronto-on-may-28-2026,2026-05-28T13:19:13.523411Z,v0.4.1 HGBC feature-based ML model,19,0.4541245925085093,16.0,16.0,16.0,16.9,19.0,20.2,21.0,1.5373579287279588e-15,0.0005,0.9995,-0.0004999999999984626,,0.001,0.001,1.2170362511363696e-15,0.0005,0.9995,-0.000499999999998783,,0.001,0.002,6.048244282067092e-15,0.0005,0.9995,-0.0004999999999939518,,0.001,0.004,3.2487939357960294e-07,0.0025,0.9975,-0.0024996751206064205,0.001,0.004,0.002,0.16644276752603496,0.015,0.985,0.15144276752603497,0.011,0.019,0.021,0.059217441364718085,0.105,0.895,-0.04578255863528191,0.1,0.11,0.12,0.4541245925085093,0.415,0.585,0.039124592508509304,0.41,0.42,0.41,0.04453642750459567,0.315,0.685,-0.2704635724954043,0.31,0.32,0.37,0.1220842229577192,0.135,0.865,-0.012915777042280807,0.13,0.14,0.12,0.14844797576917124,0.035,0.965,0.11344797576917123,0.026,0.044,0.034,0.0051462474898492155,0.0055,0.9945,-0.0003537525101507842,0.003,0.008,0.008
20260528T093617-0400,2026-05-28T13:36:17.053032+00:00,2026-05-28T09:36:17.053032-04:00,highest-temperature-in-toronto-on-may-28-2026,2026-05-28T13:30:37.393164Z,v0.4.1 HGBC feature-based ML model,19,0.4541245925085093,16.0,16.0,16.0,16.9,19.0,20.2,21.0,1.5373579287279588e-15,0.0005,0.9995,-0.0004999999999984626,,0.001,0.001,1.2170362511363696e-15,0.0005,0.9995,-0.000499999999998783,,0.001,0.002,6.048244282067092e-15,0.0005,0.9995,-0.0004999999999939518,,0.001,0.004,3.2487939357960294e-07,0.0025,0.9975,-0.0024996751206064205,0.001,0.004,0.002,0.16644276752603496,0.015,0.985,0.15144276752603497,0.011,0.019,0.021,0.059217441364718085,0.105,0.895,-0.04578255863528191,0.1,0.11,0.12,0.4541245925085093,0.415,0.585,0.039124592508509304,0.41,0.42,0.42,0.04453642750459567,0.31,0.69,-0.2654635724954043,0.3,0.32,0.37,0.1220842229577192,0.135,0.865,-0.012915777042280807,0.13,0.14,0.14,0.14844797576917124,0.0385,0.9615,0.10994797576917123,0.035,0.042,0.034,0.0051462474898492155,0.0045,0.9955,0.0006462474898492158,0.003,0.006,0.008
20260528T094644-0400,2026-05-28T13:46:44.712963+00:00,2026-05-28T09:46:44.712963-04:00,highest-temperature-in-toronto-on-may-28-2026,2026-05-28T13:36:24.439679Z,v0.4.1 HGBC feature-based ML model,19,0.45037791525881476,16.0,16.0,16.0,16.9,19.0,20.2,21.0,1.489333657761785e-15,0.0005,0.9995,-0.0004999999999985106,,0.001,0.001,1.1791026144483968e-15,0.0005,0.9995,-0.0004999999999988209,,0.001,0.002,5.859395222619595e-15,0.0005,0.9995,-0.0004999999999941407,,0.001,0.004,3.145276657211106e-07,0.0025,0.9975,-0.002499685472334279,0.001,0.004,0.002,0.16700802082368016,0.0145,0.9855,0.15250802082368015,0.011,0.018,0.021,0.07871373716170997,0.105,0.895,-0.026286262838290025,0.1,0.11,0.12,0.45037791525881476,0.42,0.58,0.03037791525881478,0.41,0.43,0.42,0.043126869814222264,0.305,0.695,-0.26187313018577774,0.3,0.31,0.3,0.1369227227449429,0.145,0.855,-0.00807727725505708,0.14,0.15,0.14,0.11887029630027961,0.0385,0.9615,0.08037029630027961,0.035,0.042,0.034,0.004980123368676212,0.0045,0.9955,0.00048012336867621266,0.003,0.006,0.008
20260528T095723-0400,2026-05-28T13:57:23.071234+00:00,2026-05-28T09:57:23.071234-04:00,highest-temperature-in-toronto-on-may-28-2026,2026-05-28T13:47:46.877955Z,v0.4.1 HGBC feature-based ML model,19,0.45037791525881476,16.0,16.0,16.0,16.9,19.0,20.2,21.0,1.489333657761785e-15,0.0005,0.9995,-0.0004999999999985106,,0.001,0.001,1.1791026144483968e-15,0.0005,0.9995,-0.0004999999999988209,,0.001,0.002,5.859395222619595e-15,0.0005,0.9995,-0.0004999999999941407,,0.001,0.004,3.145276657211106e-07,0.0025,0.9975,-0.002499685472334279,0.001,0.004,0.002,0.16700802082368016,0.014,0.986,0.15300802082368015,0.01,0.018,0.021,0.07871373716170997,0.105,0.895,-0.026286262838290025,0.1,0.11,0.12,0.45037791525881476,0.42,0.58,0.03037791525881478,0.41,0.43,0.43,0.043126869814222264,0.305,0.695,-0.26187313018577774,0.3,0.31,0.3,0.1369227227449429,0.145,0.855,-0.00807727725505708,0.14,0.15,0.14,0.11887029630027961,0.036,0.964,0.08287029630027962,0.033,0.039,0.034,0.004980123368676212,0.0045,0.9955,0.00048012336867621266,0.003,0.006,0.008
20260528T100735-0400,2026-05-28T14:07:35.109716+00:00,2026-05-28T10:07:35.109716-04:00,highest-temperature-in-toronto-on-may-28-2026,2026-05-28T14:01:14.332145Z,v0.4.1 HGBC feature-based ML model,17,0.30261262697651364,16.0,17.0,17.0,16.9,19.0,20.2,21.0,1.1600903669119222e-15,0.0005,0.9995,-0.0004999999999988399,,0.001,0.001,6.927956750093104e-16,0.0005,0.9995,-0.0004999999999993072,,0.001,0.002,1.3473002641237161e-15,0.0005,0.9995,-0.0004999999999986527,,0.001,0.004,3.3597069797794853e-11,0.0025,0.9975,-0.00249999996640293,0.001,0.004,0.002,0.30261262697651364,0.014,0.986,0.28861262697651363,0.01,0.018,0.021,0.12709024326467605,0.105,0.895,0.022090243264676054,0.1,0.11,0.12,0.25485733490641665,0.43,0.57,-0.17514266509358334,0.41,0.44,0.43,0.04474627507754557,0.305,0.695,-0.2602537249224544,0.3,0.31,0.3,0.1553186368876411,0.16,0.84,-0.004681363112358894,0.14,0.18,0.15,0.11106947900650874,0.036,0.964,0.07506947900650873,0.033,0.039,0.034,0.004305403847097998,0.0045,0.9955,-0.00019459615290200183,0.003,0.006,0.008
20260528T101744-0400,2026-05-28T14:17:44.893168+00:00,2026-05-28T10:17:44.893168-04:00,highest-temperature-in-toronto-on-may-28-2026,2026-05-28T14:08:21.779314Z,v0.4.1 HGBC feature-based ML model,19,0.30942292544407024,16.0,17.0,17.0,16.9,19.0,20.0,21.0,1.121443496827665e-15,0.0005,0.9995,-0.0004999999999988786,,0.001,0.001,6.773440749029471e-16,0.0005,0.9995,-0.0004999999999993227,,0.001,0.002,1.3142835504936006e-15,0.0005,0.9995,-0.0004999999999986857,,0.001,0.004,3.0417788330612594e-11,0.0025,0.9975,-0.0024999999695822115,0.001,0.004,0.001,0.22291427611918338,0.0105,0.9895,0.21241427611918337,0.01,0.011,0.01,0.14046945589999235,0.095,0.905,0.04546945589999235,0.09,0.1,0.12,0.30942292544407024,0.43,0.57,-0.12057707455592975,0.42,0.44,0.43,0.03854636744741789,0.305,0.695,-0.2664536325525821,0.3,0.31,0.3,0.1872812663553923,0.165,0.835,0.022281266355392293,0.15,0.18,0.14,0.09786173733761776,0.0385,0.9615,0.05936173733761776,0.038,0.039,0.038,0.003503971365905491,0.0045,0.9955,-0.0009960286340945086,0.003,0.006,0.003
20260528T102810-0400,2026-05-28T14:28:10.565643+00:00,2026-05-28T10:28:10.565643-04:00,highest-temperature-in-toronto-on-may-28-2026,2026-05-28T14:19:17.519552Z,v0.4.1 HGBC feature-based ML model,19,0.32377969037480936,16.0,17.0,17.0,16.9,19.0,20.0,21.0,1.113246161704676e-15,0.0005,0.9995,-0.0004999999999988868,,0.001,0.001,6.678216315363786e-16,0.0005,0.9995,-0.0004999999999993321,,0.001,0.002,1.297515458451425e-15,0.0005,0.9995,-0.0004999999999987025,,0.001,0.004,3.091125824771976e-11,0.0025,0.9975,-0.0024999999690887417,0.001,0.004,0.001,0.22681314671302324,0.0105,0.9895,0.21631314671302324,0.01,0.011,0.01,0.14433928971782214,0.095,0.905,0.04933928971782214,0.09,0.1,0.12,0.32377969037480936,0.425,0.575,-0.10122030962519063,0.41,0.44,0.43,0.03873993517555464,0.32,0.68,-0.2812600648244454,0.31,0.33,0.32,0.1792188980696979,0.145,0.855,0.03421889806969791,0.14,0.15,0.14,0.08327484856568665,0.0385,0.9615,0.04477484856568665,0.038,0.039,0.038,0.0038341913524918207,0.0045,0.9955,-0.000665808647508179,0.003,0.006,0.003
20260528T103813-0400,2026-05-28T14:38:13.694347+00:00,2026-05-28T10:38:13.694347-04:00,highest-temperature-in-toronto-on-may-28-2026,2026-05-28T14:34:27.033042Z,v0.4.1 HGBC feature-based ML model,19,0.4472659703400662,16.0,17.0,17.0,16.9,19.0,20.0,21.0,1.7537365396412724e-15,0.0005,0.9995,-0.0004999999999982463,,0.001,0.001,1.014476721736685e-15,0.0005,0.9995,-0.0004999999999989855,,0.001,0.002,1.1846712339879811e-15,0.0005,0.9995,-0.0004999999999988153,,0.001,0.004,4.6866743669110856e-12,0.0025,0.9975,-0.002499999995313326,0.001,0.004,0.001,0.015918699659514524,0.014,0.986,0.001918699659514524,0.01,0.018,0.01,0.056987509783570874,0.105,0.895,-0.04801249021642912,0.1,0.11,0.1,0.4472659703400662,0.42,0.58,0.027265970340066226,0.41,0.43,0.43,0.06082312907473359,0.31,0.69,-0.2491768709252664,0.3,0.32,0.3,0.28194740530307133,0.16,0.84,0.12194740530307133,0.15,0.17,0.15,0.13102062241622917,0.0385,0.9615,0.09252062241622916,0.038,0.039,0.038,0.006036663418123885,0.0045,0.9955,0.001536663418123885,0.003,0.006,0.003
20260528T104818-0400,2026-05-28T14:48:18.064609+00:00,2026-05-28T10:48:18.064609-04:00,highest-temperature-in-toronto-on-may-28-2026,2026-05-28T14:38:36.650508Z,v0.4.2 HGBC feature-based ML model,19,0.3519233236456553,16.0,17.0,17.0,16.9,19.0,19.7,22.0,1.874889986546233e-15,0.0005,0.9995,-0.0004999999999981251,,0.001,0.001,1.092427198553343e-15,0.0005,0.9995,-0.0004999999999989076,,0.001,0.002,1.5505283906355664e-15,0.0005,0.9995,-0.0004999999999984495,,0.001,0.004,4.655082126102833e-12,0.0025,0.9975,-0.0024999999953449177,0.001,0.004,0.001,0.019001094699200537,0.014,0.986,0.005001094699200537,0.01,0.018,0.01,0.07475607650192224,0.11,0.89,-0.035243923498077756,0.1,0.12,0.11,0.3519233236456553,0.42,0.58,-0.06807667635434467,0.41,0.43,0.44,0.1376781807858097,0.305,0.695,-0.1673218192141903,0.3,0.31,0.3,0.2347993547832426,0.16,0.84,0.0747993547832426,0.15,0.17,0.17,0.14334874010037166,0.0385,0.9615,0.10484874010037165,0.038,0.039,0.038,0.03849322947913837,0.0045,0.9955,0.033993229479138375,0.003,0.006,0.003
20260528T105917-0400,2026-05-28T14:59:17.938183+00:00,2026-05-28T10:59:17.938183-04:00,highest-temperature-in-toronto-on-may-28-2026,2026-05-28T14:49:40.385169Z,v0.4.2 HGBC feature-based ML model,19,0.35172684040863256,16.0,17.0,17.0,16.9,19.0,19.7,22.0,1.875332607646372e-15,0.0005,0.9995,-0.0004999999999981247,,0.001,0.001,1.092813733329089e-15,0.0005,0.9995,-0.0004999999999989072,,0.001,0.002,1.5518100771649771e-15,0.0005,0.9995,-0.0004999999999984482,,0.001,0.004,4.669986596179477e-12,0.0025,0.9975,-0.0024999999953300134,0.001,0.004,0.001,0.01941615503164245,0.0115,0.9885,0.00791615503164245,0.005,0.018,0.01,0.07484136201144333,0.135,0.865,-0.06015863798855668,0.12,0.15,0.14,0.35172684040863256,0.415,0.585,-0.06327315959136742,0.4,0.43,0.4,0.13761701887271183,0.285,0.715,-0.14738298112728815,0.27,0.3,0.29,0.23465505179851517,0.165,0.835,0.06965505179851517,0.15,0.18,0.15,0.1432649175276331,0.0385,0.9615,0.10476491752763309,0.038,0.039,0.038,0.03847865434474684,0.003,0.997,0.03547865434474684,0.002,0.004,0.002
20260528T110925-0400,2026-05-28T15:09:25.106787+00:00,2026-05-28T11:09:25.106787-04:00,highest-temperature-in-toronto-on-may-28-2026,2026-05-28T15:06:49.917818Z,v0.4.2 HGBC feature-based ML model,19,0.39857134058713906,16.0,17.0,17.0,16.9,19.0,19.7,22.0,1.9961929953307497e-15,0.0005,0.9995,-0.0004999999999980038,,0.001,0.001,1.132204721782417e-15,0.0005,0.9995,-0.0004999999999988678,,0.001,0.002,1.566503417296025e-15,0.0005,0.9995,-0.0004999999999984336,,0.001,0.004,4.4550018186734005e-12,0.0025,0.9975,-0.002499999995544998,0.001,0.004,0.001,0.02029615242505311,0.0115,0.9885,0.008796152425053109,0.005,0.018,0.01,0.06457477663821648,0.14,0.86,-0.07542522336178353,0.13,0.15,0.14,0.39857134058713906,0.425,0.575,-0.026428659412860933,0.41,0.44,0.44,0.1518530677023006,0.265,0.735,-0.11314693229769943,0.26,0.27,0.27,0.19568471798866102,0.155,0.845,0.04068471798866102,0.14,0.17,0.14,0.12525033134834,0.0385,0.9615,0.08675033134833998,0.038,0.039,0.038,0.04376961330582991,0.003,0.997,0.040769613305829906,0.002,0.004,0.002
20260528T111938-0400,2026-05-28T15:19:38.771245+00:00,2026-05-28T11:19:38.771245-04:00,highest-temperature-in-toronto-on-may-28-2026,2026-05-28T15:11:50.316546Z,v0.4.2 HGBC feature-based ML model,19,0.3314783975706883,16.0,18.0,18.0,16.9,19.0,19.7,22.0,2.125457156659085e-15,0.0005,0.9995,-0.0004999999999978745,,0.001,0.001,1.2144625434254576e-15,0.0005,0.9995,-0.0004999999999987856,,0.001,0.002,1.4957975268313238e-15,0.0005,0.9995,-0.0004999999999985042,,0.001,0.004,3.445528977211581e-12,0.0005,0.9995,-0.000499999996554471,,0.001,0.001,6.078578039415989e-12,0.0095,0.9905,-0.009499999993921421,0.009,0.01,0.01,0.07494295791152326,0.12,0.88,-0.04505704208847673,0.11,0.13,0.14,0.3314783975706883,0.43,0.57,-0.09852160242931168,0.42,0.44,0.45,0.12100127982982171,0.285,0.715,-0.16399872017017825,0.27,0.3,0.25,0.1820076793129666,0.155,0.845,0.027007679312966604,0.14,0.17,0.14,0.23336831379239042,0.0385,0.9615,0.19486831379239042,0.038,0.039,0.038,0.05720137157308089,0.004,0.996,0.053201371573080886,0.002,0.006,0.002
20260528T112949-0400,2026-05-28T15:29:49.075371+00:00,2026-05-28T11:29:49.075371-04:00,highest-temperature-in-toronto-on-may-28-2026,2026-05-28T15:25:03.251427Z,v0.4.2 HGBC feature-based ML model,19,0.46743993613615786,16.0,18.0,18.0,16.9,19.0,19.7,22.0,1.9238070788436827e-15,0.0005,0.9995,-0.0004999999999980762,,0.001,0.001,1.0957780951735547e-15,0.0005,0.9995,-0.0004999999999989042,,0.001,0.002,1.3464064472138854e-15,0.0005,0.9995,-0.0004999999999986536,,0.001,0.004,3.0618107831391094e-12,0.0005,0.9995,-0.0004999999969381892,,0.001,0.001,5.1324691139347344e-12,0.0095,0.9905,-0.00949999999486753,0.009,0.01,0.01,0.07058932511152241,0.12,0.88,-0.049410674888477585,0.11,0.13,0.12,0.46743993613615786,0.425,0.575,0.042439936136157874,0.41,0.44,0.42,0.12358954608558875,0.26,0.74,-0.13641045391441126,0.25,0.27,0.25,0.12115141582731039,0.145,0.855,-0.023848584172689605,0.13,0.16,0.14,0.1697041998416882,0.0165,0.9835,0.1532041998416882,0.016,0.017,0.038,0.04752557698953358,0.005,0.995,0.04252557698953358,0.002,0.008,0.002
20260528T113958-0400,2026-05-28T15:39:58.822830+00:00,2026-05-28T11:39:58.822830-04:00,highest-temperature-in-toronto-on-may-28-2026,2026-05-28T15:35:49.72722Z,v0.4.2 HGBC feature-based ML model,19,0.46743993613615786,16.0,18.0,18.0,16.9,19.0,19.7,22.0,1.9238070788436827e-15,0.0005,0.9995,-0.0004999999999980762,,0.001,0.001,1.0957780951735547e-15,0.0005,0.9995,-0.0004999999999989042,,0.001,0.002,1.3464064472138854e-15,0.0005,0.9995,-0.0004999999999986536,,0.001,0.004,3.0618107831391094e-12,0.0005,0.9995,-0.0004999999969381892,,0.001,0.001,5.1324691139347344e-12,0.0075,0.9925,-0.007499999994867531,0.005,0.01,0.01,0.07058932511152241,0.105,0.895,-0.034410674888477585,0.09,0.12,0.12,0.46743993613615786,0.425,0.575,0.042439936136157874,0.41,0.44,0.42,0.12358954608558875,0.315,0.685,-0.19141045391441125,0.3,0.33,0.28,0.12115141582731039,0.145,0.855,-0.023848584172689605,0.13,0.16,0.14,0.1697041998416882,0.0285,0.9715,0.1412041998416882,0.018,0.039,0.017,0.04752557698953358,0.005,0.995,0.04252557698953358,0.002,0.008,0.002
20260528T115017-0400,2026-05-28T15:50:17.788446+00:00,2026-05-28T11:50:17.788446-04:00,highest-temperature-in-toronto-on-may-28-2026,2026-05-28T15:46:51.346477Z,v0.4.2 HGBC feature-based ML model,19,0.46743993613615786,16.0,18.0,18.0,16.9,19.0,19.7,22.0,1.9238070788436827e-15,0.0005,0.9995,-0.0004999999999980762,,0.001,0.001,1.0957780951735547e-15,0.0005,0.9995,-0.0004999999999989042,,0.001,0.002,1.3464064472138854e-15,0.0005,0.9995,-0.0004999999999986536,,0.001,0.004,3.0618107831391094e-12,0.0005,0.9995,-0.0004999999969381892,,0.001,0.001,5.1324691139347344e-12,0.0075,0.9925,-0.007499999994867531,0.005,0.01,0.01,0.07058932511152241,0.155,0.845,-0.08441067488847759,0.14,0.17,0.16,0.46743993613615786,0.435,0.565,0.032439936136157865,0.43,0.44,0.42,0.12358954608558875,0.27,0.73,-0.14641045391441126,0.25,0.29,0.28,0.12115141582731039,0.14,0.86,-0.018848584172689628,0.13,0.15,0.14,0.1697041998416882,0.0275,0.9725,0.1422041998416882,0.017,0.038,0.017,0.04752557698953358,0.005,0.995,0.04252557698953358,0.002,0.008,0.002
20260528T120020-0400,2026-05-28T16:00:20.914759+00:00,2026-05-28T12:00:20.914759-04:00,highest-temperature-in-toronto-on-may-28-2026,2026-05-28T15:52:52.886381Z,v0.4.2 HGBC feature-based ML model,19,0.5776727315687811,17.0,18.0,19.0,16.9,19.0,19.5,22.0,2.2981176095944348e-15,0.0005,0.9995,-0.0004999999999977019,,0.001,0.001,1.428532314355816e-15,0.0005,0.9995,-0.0004999999999985715,,0.001,0.002,1.8446470532707714e-15,0.0005,0.9995,-0.0004999999999981553,,0.001,0.004,5.977250123733752e-15,0.0005,0.9995,-0.0004999999999940228,,0.001,0.001,2.812736167339862e-11,0.0055,0.9945,-0.005499999971872638,0.003,0.008,0.01,4.971949983258859e-09,0.215,0.785,-0.21499999502805,0.21,0.22,0.16,0.5776727315687811,0.445,0.555,0.13267273156878107,0.44,0.45,0.42,0.2628394595250027,0.195,0.805,0.0678394595250027,0.19,0.2,0.19,0.08311517280430039,0.145,0.855,-0.0618848271956996,0.13,0.16,0.14,0.05191578154727979,0.024,0.976,0.02791578154727979,0.018,0.03,0.017,0.02445684955454693,0.005,0.995,0.019456849554546927,0.002,0.008,0.002
20260528T121114-0400,2026-05-28T16:11:14.039229+00:00,2026-05-28T12:11:14.039229-04:00,highest-temperature-in-toronto-on-may-28-2026,2026-05-28T16:02:35.850957Z,v0.4.2 HGBC feature-based ML model,19,0.6138477668488237,17.0,18.0,19.0,17.9,19.0,19.5,22.0,2.4349433965570086e-15,0.0005,0.9995,-0.0004999999999975651,,0.001,0.001,1.512281561281893e-15,0.0005,0.9995,-0.0004999999999984878,,0.001,0.002,1.9700551586424386e-15,0.0005,0.9995,-0.0004999999999980299,,0.001,0.004,6.567705823159979e-15,0.0005,0.9995,-0.0004999999999934323,,0.001,0.001,3.1831836487939705e-11,0.0055,0.9945,-0.005499999968168163,0.003,0.008,0.01,5.386428642946288e-09,0.215,0.785,-0.21499999461357136,0.21,0.22,0.16,0.6138477668488237,0.445,0.555,0.1688477668488237,0.44,0.45,0.42,0.21557104195948143,0.195,0.805,0.020571041959481423,0.19,0.2,0.19,0.08444054502823842,0.145,0.855,-0.06055945497176157,0.13,0.16,0.14,0.05959673401451561,0.027,0.973,0.03259673401451561,0.016,0.038,0.017,0.026543906730667942,0.005,0.995,0.02154390673066794,0.002,0.008,0.002
20260528T122114-0400,2026-05-28T16:21:14.878384+00:00,2026-05-28T12:21:14.878384-04:00,highest-temperature-in-toronto-on-may-28-2026,2026-05-28T16:12:29.320291Z,v0.4.2 HGBC feature-based ML model,19,0.42652014591463133,17.0,18.0,19.0,17.9,19.0,19.5,22.0,2.909930839907342e-15,0.0005,0.9995,-0.0004999999999970901,,0.001,0.001,1.7759502325271403e-15,0.0005,0.9995,-0.0004999999999982241,,0.001,0.002,2.1723130100599785e-15,0.0005,0.9995,-0.0004999999999978277,,0.001,0.004,6.023018229998424e-15,0.0005,0.9995,-0.0004999999999939769,,0.001,0.001,2.650454684625934e-11,0.0015,0.9985,-0.0014999999734954532,0.001,0.002,0.001,1.0335979793253746e-08,0.165,0.835,-0.1649999896640202,0.15,0.18,0.18,0.42652014591463133,0.455,0.545,-0.028479854085368683,0.45,0.46,0.42,0.4028863628996934,0.29,0.71,0.1128863628996934,0.28,0.3,0.24,0.10543237002760962,0.135,0.865,-0.02956762997239039,0.11,0.16,0.14,0.03987405500934073,0.0195,0.9805,0.020374055009340728,0.01,0.029,0.017,0.02528705578622767,0.004,0.996,0.02128705578622767,0.002,0.006,0.002
20260528T123200-0400,2026-05-28T16:32:00.938321+00:00,2026-05-28T12:32:00.938321-04:00,highest-temperature-in-toronto-on-may-28-2026,2026-05-28T16:25:51.320524Z,v0.4.3 HGBC feature-based ML model,18,0.4079565870430518,17.0,18.0,19.0,17.9,19.0,19.5,22.0,1.1485369338229093e-13,0.0005,0.9995,-0.0004999999998851464,,0.001,0.001,7.009597639625533e-14,0.0005,0.9995,-0.0004999999999299041,,0.001,0.002,8.574024130268841e-14,0.0005,0.9995,-0.0004999999999142598,,0.001,0.004,2.377258866558543e-13,0.0005,0.9995,-0.0004999999997622742,,0.001,0.001,1.0461228339068591e-09,0.0015,0.9985,-0.001499998953877166,0.001,0.002,0.001,0.4079565870430518,0.165,0.835,0.2429565870430518,0.15,0.18,0.18,0.2525184450525063,0.455,0.545,-0.2024815549474937,0.45,0.46,0.42,0.23852621937499996,0.345,0.655,-0.10647378062500001,0.33,0.36,0.35,0.062420540723769735,0.11,0.89,-0.047579459276230265,0.1,0.12,0.14,0.02360717181905901,0.02,0.98,0.003607171819059011,0.011,0.029,0.011,0.01497103493998206,0.0035,0.9965,0.01147103493998206,0.003,0.004,0.003
20260528T124230-0400,2026-05-28T16:42:30.692812+00:00,2026-05-28T12:42:30.692812-04:00,highest-temperature-in-toronto-on-may-28-2026,2026-05-28T16:34:49.089509Z,v0.4.4 HGBC feature-based ML model,18,0.37510888114136237,17.0,18.0,19.0,17.9,19.0,19.5,22.0,7.071819894121616e-14,0.0005,0.9995,-0.0004999999999292818,,0.001,0.001,4.3159789285993824e-14,0.0005,0.9995,-0.0004999999999568402,,0.001,0.002,5.279238401330943e-14,0.0005,0.9995,-0.0004999999999472076,,0.001,0.004,1.4643250578565127e-13,0.0005,0.9995,-0.0004999999998535676,,0.001,0.001,6.662027896473092e-10,0.0015,0.9985,-0.0014999993337972105,0.001,0.002,0.001,0.37510888114136237,0.09,0.91,0.28510888114136235,0.07,0.11,0.12,0.3420597808991897,0.45,0.55,-0.10794021910081031,0.44,0.46,0.44,0.21932064860419392,0.345,0.655,-0.12567935139580605,0.33,0.36,0.35,0.03975129594119089,0.12,0.88,-0.0802487040588091,0.1,0.14,0.11,0.014541358421691655,0.0145,0.9855,4.135842169165384e-05,0.01,0.019,0.012,0.009218034325855634,0.0045,0.9955,0.004718034325855634,0.003,0.006,0.003
20260528T125231-0400,2026-05-28T16:52:31.880064+00:00,2026-05-28T12:52:31.880064-04:00,highest-temperature-in-toronto-on-may-28-2026,2026-05-28T16:47:42.09145Z,v0.4.4 HGBC feature-based ML model,19,0.5133795224378583,18.0,19.0,19.0,17.9,19.0,19.7,22.0,2.328243772834658e-13,0.0005,0.9995,-0.0004999999997671756,,0.001,0.001,1.4243196916847274e-13,0.0005,0.9995,-0.000499999999857568,,0.001,0.002,1.6878483377657638e-13,0.0005,0.9995,-0.0004999999998312152,,0.001,0.004,4.144767774110482e-13,0.0005,0.9995,-0.0004999999995855232,,0.001,0.001,1.642453116042919e-12,0.002,0.998,-0.001999999998357547,0.001,0.003,0.001,1.8719192857824414e-08,0.085,0.915,-0.08499998128080714,0.07,0.1,0.08,0.5133795224378583,0.48,0.52,0.033379522437858355,0.46,0.5,0.47,0.18536874143369209,0.365,0.635,-0.1796312585663079,0.35,0.38,0.38,0.14638843599756224,0.085,0.915,0.06138843599756223,0.08,0.09,0.11,0.08752285229805566,0.024,0.976,0.06352285229805565,0.009,0.039,0.01,0.06734042911103785,0.0045,0.9955,0.06284042911103785,0.003,0.006,0.003
20260528T130330-0400,2026-05-28T17:03:30.446937+00:00,2026-05-28T13:03:30.446937-04:00,highest-temperature-in-toronto-on-may-28-2026,2026-05-28T16:59:41.482867Z,v0.4.4 HGBC feature-based ML model,19,0.5574126160930796,18.0,18.0,19.0,18.6,19.0,19.7,22.0,2.1518503707249543e-13,0.0005,0.9995,-0.0004999999997848149,,0.001,0.001,1.3505308571872012e-13,0.0005,0.9995,-0.0004999999998649469,,0.001,0.002,1.5933407953601035e-13,0.0005,0.9995,-0.000499999999840666,,0.001,0.004,3.939971885119202e-13,0.0005,0.9995,-0.0004999999996060028,,0.001,0.001,1.4950480070088183e-12,0.002,0.998,-0.001999999998504952,0.001,0.003,0.001,7.86919799499268e-07,0.065,0.935,-0.0649992130802005,0.05,0.08,0.05,0.5574126160930796,0.485,0.515,0.07241261609307958,0.47,0.5,0.47,0.31591142688903456,0.405,0.595,-0.08908857311096546,0.37,0.44,0.37,0.062018082695247986,0.115,0.885,-0.05298191730475202,0.1,0.13,0.1,0.03765917762050844,0.013,0.987,0.02465917762050844,0.006,0.02,0.01,0.026997909779931436,0.0045,0.9955,0.022497909779931435,0.003,0.006,0.003
20260528T131359-0400,2026-05-28T17:13:59.366860+00:00,2026-05-28T13:13:59.366860-04:00,highest-temperature-in-toronto-on-may-28-2026,2026-05-28T17:10:16.512917Z,v0.4.5 HGBC feature-based ML model,20,0.4791619638410757,18.0,19.0,19.0,18.6,19.0,19.7,22.0,6.040903941487219e-12,0.0005,0.9995,-0.0004999999939590961,,0.001,0.001,3.714816830387493e-12,0.0005,0.9995,-0.0004999999962851831,,0.001,0.002,4.428446377225086e-12,0.0005,0.9995,-0.0004999999955715537,,0.001,0.004,8.830292360508339e-12,0.0005,0.9995,-0.0004999999911697076,,0.001,0.001,9.020318226095427e-12,0.0015,0.9985,-0.001499999990979682,0.001,0.002,0.001,3.8294913707951185e-08,0.005,0.995,-0.004999961705086292,,0.01,0.05,0.32627779378938526,0.465,0.535,-0.13872220621061476,0.43,0.5,0.47,0.4791619638410757,0.435,0.565,0.04416196384107568,0.42,0.45,0.42,0.09401916378239093,0.095,0.905,-0.0009808362176090685,0.09,0.1,0.1,0.07551149711657527,0.0135,0.9865,0.062011497116575276,0.008,0.019,0.01,0.025029543143624412,0.0035,0.9965,0.021529543143624413,0.003,0.004,0.003
20260528T132401-0400,2026-05-28T17:24:01.264330+00:00,2026-05-28T13:24:01.264330-04:00,highest-temperature-in-toronto-on-may-28-2026,2026-05-28T17:17:39.162379Z,v0.4.5 HGBC feature-based ML model,20,0.5326155269735212,18.0,19.0,19.0,18.6,20.0,19.7,22.0,4.6952354960659936e-12,0.0005,0.9995,-0.0004999999953047645,,0.001,0.001,2.9647706057184462e-12,0.0005,0.9995,-0.0004999999970352294,,0.001,0.002,3.4741793718251823e-12,0.0005,0.9995,-0.0004999999965258206,,0.001,0.004,6.822049959244997e-12,0.0005,0.9995,-0.00049999999317795,,0.001,0.001,6.6406703175724335e-12,0.0015,0.9985,-0.0014999999933593298,,0.003,0.001,2.2547896115428698e-08,0.005,0.995,-0.004999977452103885,,0.01,0.05,0.234756451948635,0.405,0.595,-0.17024354805136502,0.39,0.42,0.49,0.5326155269735212,0.475,0.525,0.057615526973521236,0.46,0.49,0.49,0.13317826737485908,0.115,0.885,0.018178267374859072,0.1,0.13,0.1,0.08099710950997949,0.009,0.991,0.07199710950997949,0.006,0.012,0.007,0.01845262162051192,0.0045,0.9955,0.013952621620511918,0.003,0.006,0.003
20260528T133419-0400,2026-05-28T17:34:19.778860+00:00,2026-05-28T13:34:19.778860-04:00,highest-temperature-in-toronto-on-may-28-2026,2026-05-28T17:27:33.268604Z,v0.4.5 HGBC feature-based ML model,20,0.5326155269735212,18.0,19.0,19.0,18.6,20.0,19.7,22.0,4.6952354960659936e-12,0.0005,0.9995,-0.0004999999953047645,,0.001,0.001,2.9647706057184462e-12,0.0005,0.9995,-0.0004999999970352294,,0.001,0.002,3.4741793718251823e-12,0.0005,0.9995,-0.0004999999965258206,,0.001,0.004,6.822049959244997e-12,0.0005,0.9995,-0.00049999999317795,,0.001,0.001,6.6406703175724335e-12,0.0015,0.9985,-0.0014999999933593298,,0.003,0.001,2.2547896115428698e-08,0.0055,0.9945,-0.005499977452103884,0.001,0.01,0.001,0.234756451948635,0.365,0.635,-0.13024354805136498,0.34,0.39,0.34,0.5326155269735212,0.475,0.525,0.057615526973521236,0.46,0.49,0.49,0.13317826737485908,0.15,0.85,-0.016821732625140917,0.11,0.19,0.2,0.08099710950997949,0.007,0.993,0.07399710950997948,0.006,0.008,0.007,0.01845262162051192,0.0045,0.9955,0.013952621620511918,0.003,0.006,0.003
20260528T134457-0400,2026-05-28T17:44:57.749234+00:00,2026-05-28T13:44:57.749234-04:00,highest-temperature-in-toronto-on-may-28-2026,2026-05-28T17:37:46.409332Z,v0.4.5 HGBC feature-based ML model,20,0.6426077231607378,19.0,19.0,20.0,18.6,20.0,19.6,22.0,2.574938239199771e-12,0.0005,0.9995,-0.0004999999974250618,,0.001,0.001,1.6259250914073232e-12,0.0005,0.9995,-0.0004999999983740749,,0.001,0.002,1.905292572490758e-12,0.0005,0.9995,-0.0004999999980947075,,0.001,0.004,3.741318483404794e-12,0.0005,0.9995,-0.0004999999962586816,,0.001,0.001,3.643310195350047e-12,0.001,0.999,-0.0009999999963566898,,0.002,0.001,1.2789483369551126e-11,0.003,0.997,-0.0029999999872105166,0.001,0.005,0.001,0.19225787816152723,0.35,0.65,-0.15774212183847275,0.32,0.38,0.32,0.6426077231607378,0.44,0.56,0.20260772316073777,0.42,0.46,0.5,0.10906865770965593,0.16,0.84,-0.05093134229034407,0.13,0.19,0.2,0.04594269814604821,0.0095,0.9905,0.03644269814604821,0.009,0.01,0.012,0.010123042795750525,0.0045,0.9955,0.005623042795750525,0.003,0.006,0.003
20260528T135524-0400,2026-05-28T17:55:24.379034+00:00,2026-05-28T13:55:24.379034-04:00,highest-temperature-in-toronto-on-may-28-2026,2026-05-28T17:48:39.245889Z,v0.4.6 HGBC feature-based ML model,20,0.46762980245860797,19.0,20.0,20.0,18.6,20.0,19.6,22.0,7.190436285579733e-12,0.0005,0.9995,-0.0004999999928095637,,0.001,0.001,4.517289838155934e-12,0.0005,0.9995,-0.0004999999954827101,,0.001,0.002,5.317109967542647e-12,0.0005,0.9995,-0.0004999999946828901,,0.001,0.004,1.0306190446076357e-11,0.0005,0.9995,-0.0004999999896938095,,0.001,0.001,8.98381627462009e-12,0.001,0.999,-0.0009999999910161837,,0.002,0.001,1.4669457943829477e-11,0.003,0.997,-0.002999999985330542,0.001,0.005,0.001,0.05918294304594065,0.34,0.66,-0.2808170569540594,0.32,0.36,0.32,0.46762980245860797,0.495,0.505,-0.027370197541392027,0.48,0.51,0.5,0.1838885664644894,0.17,0.83,0.013888566464489382,0.15,0.19,0.2,0.24226172282414543,0.0095,0.9905,0.23276172282414542,0.009,0.01,0.012,0.04703696515583233,0.0045,0.9955,0.042536965155832336,0.003,0.006,0.003
20260528T140525-0400,2026-05-28T18:05:25.904067+00:00,2026-05-28T14:05:25.904067-04:00,highest-temperature-in-toronto-on-may-28-2026,2026-05-28T17:59:03.574016Z,v0.4.6 HGBC feature-based ML model,20,0.46762980245860797,19.0,20.0,20.0,19.3,20.0,19.6,22.0,7.190436285579733e-12,0.0005,0.9995,-0.0004999999928095637,,0.001,0.001,4.517289838155934e-12,0.0005,0.9995,-0.0004999999954827101,,0.001,0.002,5.317109967542647e-12,0.0005,0.9995,-0.0004999999946828901,,0.001,0.004,1.0306190446076357e-11,0.0005,0.9995,-0.0004999999896938095,,0.001,0.001,8.98381627462009e-12,0.0015,0.9985,-0.0014999999910161837,,0.003,0.001,1.4669457943829477e-11,0.002,0.998,-0.001999999985330542,0.001,0.003,0.001,0.05918294304594065,0.325,0.675,-0.2658170569540594,0.3,0.35,0.4,0.46762980245860797,0.51,0.49,-0.04237019754139204,0.47,0.55,0.57,0.1838885664644894,0.145,0.855,0.038888566464489405,0.14,0.15,0.2,0.24226172282414543,0.014,0.986,0.22826172282414542,0.01,0.018,0.018,0.04703696515583233,0.0045,0.9955,0.042536965155832336,0.003,0.006,0.005
20260528T141556-0400,2026-05-28T18:15:56.804803+00:00,2026-05-28T14:15:56.804803-04:00,highest-temperature-in-toronto-on-may-28-2026,2026-05-28T18:10:17.14001Z,v0.4.7 HGBC feature-based ML model,20,0.4691302004028549,19.0,19.0,20.0,19.3,20.0,19.6,22.0,6.803206315512652e-12,0.0005,0.9995,-0.0004999999931967937,,0.001,0.001,4.297925270781287e-12,0.0005,0.9995,-0.0004999999957020747,,0.001,0.002,5.034130398075486e-12,0.0005,0.9995,-0.0004999999949658696,,0.001,0.004,9.889839399452208e-12,0.0005,0.9995,-0.0004999999901101606,,0.001,0.001,9.54597558968863e-12,0.0015,0.9985,-0.0014999999904540245,,0.003,0.001,3.056253600470917e-11,0.003,0.997,-0.002999999969437464,0.001,0.005,0.004,0.2469452444790756,0.135,0.865,0.11194524447907558,0.08,0.19,0.07,0.4691302004028549,0.51,0.49,-0.040869799597145096,0.47,0.55,0.57,0.14234328903333648,0.31,0.69,-0.1676567109666635,0.3,0.32,0.3,0.1146204505412356,0.014,0.986,0.1006204505412356,0.01,0.018,0.018,0.026960815477363762,0.0045,0.9955,0.02246081547736376,0.003,0.006,0.005
20260528T142603-0400,2026-05-28T18:26:03.082829+00:00,2026-05-28T14:26:03.082829-04:00,highest-temperature-in-toronto-on-may-28-2026,2026-05-28T18:20:02.892122Z,v0.4.7 HGBC feature-based ML model,20,0.4691302004028549,19.0,19.0,20.0,19.3,20.0,19.6,22.0,6.803206315512652e-12,0.0005,0.9995,-0.0004999999931967937,,0.001,0.001,4.297925270781287e-12,0.0005,0.9995,-0.0004999999957020747,,0.001,0.002,5.034130398075486e-12,0.0005,0.9995,-0.0004999999949658696,,0.001,0.004,9.889839399452208e-12,0.0005,0.9995,-0.0004999999901101606,,0.001,0.001,9.54597558968863e-12,0.002,0.998,-0.0019999999904540245,0.001,0.003,0.002,3.056253600470917e-11,0.003,0.997,-0.002999999969437464,0.001,0.005,0.005,0.2469452444790756,0.15,0.85,0.0969452444790756,0.12,0.18,0.21,0.4691302004028549,0.535,0.465,-0.06586979959714512,0.53,0.54,0.47,0.14234328903333648,0.265,0.735,-0.12265671096666353,0.25,0.28,0.28,0.1146204505412356,0.012,0.988,0.1026204505412356,0.01,0.014,0.014,0.026960815477363762,0.005,0.995,0.02196081547736376,0.003,0.007,0.007
20260528T143607-0400,2026-05-28T18:36:07.068313+00:00,2026-05-28T14:36:07.068313-04:00,highest-temperature-in-toronto-on-may-28-2026,2026-05-28T18:32:29.873108Z,v0.4.7 HGBC feature-based ML model,20,0.4691302004028549,19.0,19.0,20.0,19.3,20.0,19.6,22.0,6.803206315512652e-12,0.0005,0.9995,-0.0004999999931967937,,0.001,0.001,4.297925270781287e-12,0.0005,0.9995,-0.0004999999957020747,,0.001,0.002,5.034130398075486e-12,0.0005,0.9995,-0.0004999999949658696,,0.001,0.004,9.889839399452208e-12,0.0005,0.9995,-0.0004999999901101606,,0.001,0.001,9.54597558968863e-12,0.002,0.998,-0.0019999999904540245,0.001,0.003,0.003,3.056253600470917e-11,0.003,0.997,-0.002999999969437464,0.001,0.005,0.001,0.2469452444790756,0.085,0.915,0.1619452444790756,0.06,0.11,0.12,0.4691302004028549,0.575,0.425,-0.10586979959714504,0.56,0.59,0.58,0.14234328903333648,0.28,0.72,-0.13765671096666354,0.26,0.3,0.3,0.1146204505412356,0.054,0.946,0.0606204505412356,0.014,0.094,0.088,0.026960815477363762,0.004,0.996,0.022960815477363762,0.003,0.005,0.003
20260528T144607-0400,2026-05-28T18:46:07.098562+00:00,2026-05-28T14:46:07.098562-04:00,highest-temperature-in-toronto-on-may-28-2026,2026-05-28T18:39:20.162754Z,v0.4.7 HGBC feature-based ML model,20,0.4691302004028549,19.0,19.0,20.0,19.3,20.0,19.6,22.0,6.803206315512652e-12,0.0005,0.9995,-0.0004999999931967937,,0.001,0.001,4.297925270781287e-12,0.0005,0.9995,-0.0004999999957020747,,0.001,0.002,5.034130398075486e-12,0.0005,0.9995,-0.0004999999949658696,,0.001,0.004,9.889839399452208e-12,0.0005,0.9995,-0.0004999999901101606,,0.001,0.001,9.54597558968863e-12,0.0025,0.9975,-0.0024999999904540245,0.002,0.003,0.003,3.056253600470917e-11,0.003,0.997,-0.002999999969437464,0.001,0.005,0.001,0.2469452444790756,0.115,0.885,0.13194524447907557,0.11,0.12,0.06,0.4691302004028549,0.525,0.475,-0.05586979959714511,0.49,0.56,0.58,0.14234328903333648,0.26,0.745,-0.11765671096666352,0.22,0.3,0.3,0.1146204505412356,0.038,0.962,0.07662045054123559,0.026,0.05,0.03,0.026960815477363762,0.0225,0.9775,0.004460815477363763,0.007,0.038,0.025
20260528T145607-0400,2026-05-28T18:56:07.123341+00:00,2026-05-28T14:56:07.123341-04:00,highest-temperature-in-toronto-on-may-28-2026,2026-05-28T18:49:19.31952Z,v0.4.7 HGBC feature-based ML model,20,0.38948851611009255,19.0,19.0,21.0,19.3,20.0,19.8,22.0,7.452861389601889e-12,0.0005,0.9995,-0.0004999999925471387,,0.001,0.001,4.708344718869025e-12,0.0005,0.9995,-0.0004999999952916553,,0.001,0.002,5.514819268965499e-12,0.0005,0.9995,-0.0004999999944851807,,0.001,0.004,1.082849724673541e-11,0.0005,0.9995,-0.0004999999891715027,,0.001,0.001,1.0280429099039646e-11,0.0025,0.9975,-0.0024999999897195708,0.002,0.003,0.003,2.8010778815069973e-11,0.003,0.997,-0.002999999971989221,0.002,0.004,0.001,0.1670205793078184,0.11,0.89,0.05702057930781841,0.1,0.12,0.12,0.38948851611009255,0.535,0.465,-0.14551148388990748,0.48,0.59,0.58,0.20575696063438967,0.27,0.73,-0.06424303936561035,0.24,0.3,0.3,0.20338157103348414,0.0385,0.9615,0.16488157103348414,0.027,0.05,0.03,0.03435237284741967,0.012,0.988,0.022352372847419668,0.006,0.018,0.025
20260528T150615-0400,2026-05-28T19:06:15.260381+00:00,2026-05-28T15:06:15.260381-04:00,highest-temperature-in-toronto-on-may-28-2026,2026-05-28T19:01:16.218584Z,v0.4.7 HGBC feature-based ML model,20,0.630648789522111,19.0,19.0,21.0,19.6,20.0,19.8,22.0,1.933965840435189e-11,0.0005,0.9995,-0.0004999999806603416,,0.001,0.001,1.2346990296890902e-11,0.0005,0.9995,-0.0004999999876530097,,0.001,0.002,1.3922998897405763e-11,0.0005,0.9995,-0.0004999999860770011,,0.001,0.004,2.7790182692838474e-11,0.0005,0.9995,-0.0004999999722098173,,0.001,0.001,3.0945358897884065e-11,0.0015,0.9985,-0.0014999999690546411,0.001,0.002,0.002,1.3954071275676106e-10,0.003,0.997,-0.0029999998604592873,0.002,0.004,0.001,9.864698364717299e-07,0.105,0.895,-0.10499901353016353,0.1,0.11,0.12,0.630648789522111,0.555,0.445,0.07564878952211096,0.53,0.58,0.58,0.2317970046421741,0.265,0.735,-0.03320299535782592,0.23,0.3,0.3,0.09384557118540789,0.015,0.985,0.07884557118540789,0.01,0.02,0.025,0.043707647936584444,0.0055,0.9945,0.038207647936584446,0.003,0.008,0.004
20260528T151631-0400,2026-05-28T19:16:31.512613+00:00,2026-05-28T15:16:31.512613-04:00,highest-temperature-in-toronto-on-may-28-2026,2026-05-28T19:11:09.833035Z,v0.4.9 HGBC feature-based ML model,20,0.4547724188062431,19.0,19.0,21.0,19.6,20.0,19.8,22.0,5.689492783483059e-12,0.0005,0.9995,-0.0004999999943105072,,0.001,0.001,3.5943367117894094e-12,0.0005,0.9995,-0.0004999999964056633,,0.001,0.002,4.209997212911546e-12,0.0005,0.9995,-0.0004999999957900028,,0.001,0.004,8.266642131399645e-12,0.0005,0.9995,-0.0004999999917333579,,0.001,0.001,7.871999212156605e-12,0.0015,0.9985,-0.0014999999921280008,0.001,0.002,0.002,2.3119700184110295e-11,0.0025,0.9975,-0.0024999999768803,0.001,0.004,0.002,0.18524962625965533,0.135,0.865,0.05024962625965532,0.13,0.14,0.13,0.4547724188062431,0.515,0.485,-0.06022758119375693,0.48,0.55,0.55,0.17745608296746382,0.285,0.715,-0.10754391703253616,0.25,0.32,0.26,0.1562957775394398,0.014,0.986,0.14229577753943978,0.01,0.018,0.01,0.02622609437444568,0.0045,0.9955,0.02172609437444568,0.001,0.008,0.008
20260528T152654-0400,2026-05-28T19:26:54.917281+00:00,2026-05-28T15:26:54.917281-04:00,highest-temperature-in-toronto-on-may-28-2026,2026-05-28T19:18:22.004275Z,v0.4.9 HGBC feature-based ML model,20,0.5409471654518995,19.0,19.0,21.0,19.6,20.0,19.8,,7.611351011679407e-12,0.0005,0.9995,-0.000499999992388649,,0.001,0.001,4.808470527278539e-12,0.0005,0.9995,-0.0004999999951915294,,0.001,0.002,5.63209535734765e-12,0.0005,0.9995,-0.0004999999943679046,,0.001,0.004,1.1059017051890944e-11,0.0005,0.9995,-0.0004999999889409829,,0.001,0.001,1.053019368624474e-11,0.0015,0.9985,-0.0014999999894698063,0.001,0.002,0.002,3.086965203162947e-11,0.0015,0.9985,-0.001499999969130348,0.001,0.002,0.004,0.24249793492415805,0.245,0.755,-0.0025020650758419416,0.24,0.25,0.24,0.5409471654518995,0.515,0.485,0.025947165451899457,0.48,0.55,0.55,0.17541925510612147,0.28,0.72,-0.10458074489387856,0.27,0.29,0.28,0.03903032947868589,0.014,0.986,0.025030329478685893,0.01,0.018,0.01,0.002105314968624173,0.0045,0.9955,-0.0023946850313758265,0.001,0.008,0.008
20260528T153705-0400,2026-05-28T19:37:05.171257+00:00,2026-05-28T15:37:05.171257-04:00,highest-temperature-in-toronto-on-may-28-2026,2026-05-28T19:29:17.55402Z,v0.4.9 HGBC feature-based ML model,19,0.6316405902329201,19.0,19.0,21.0,19.6,20.0,19.8,,8.294519226633651e-12,0.0005,0.9995,-0.0004999999917054808,,0.001,0.001,5.289287126761824e-12,0.0005,0.9995,-0.0004999999947107129,,0.001,0.002,5.958992375277136e-12,0.0005,0.9995,-0.0004999999940410076,,0.001,0.004,1.1858678197729668e-11,0.0005,0.9995,-0.0004999999881413218,,0.001,0.001,1.3472940824041332e-11,0.001,0.999,-0.0009999999865270592,,0.002,0.002,6.753928882411484e-11,0.003,0.997,-0.0029999999324607112,0.001,0.005,0.004,0.6316405902329201,0.23,0.77,0.4016405902329201,0.2,0.26,0.26,0.28760481229551466,0.515,0.485,-0.22739518770448536,0.5,0.53,0.52,0.07219756057196144,0.18,0.82,-0.10780243942803855,0.15,0.21,0.28,0.0074235681772251575,0.017,0.983,-0.009576431822774845,0.01,0.024,0.01,0.001133468609964986,0.0045,0.9955,-0.0033665313900350137,0.001,0.008,0.008
20260528T154752-0400,2026-05-28T19:47:52.040960+00:00,2026-05-28T15:47:52.040960-04:00,highest-temperature-in-toronto-on-may-28-2026,2026-05-28T19:40:48.85771Z,v0.4.9 HGBC feature-based ML model,19,0.6316405902329201,19.0,19.0,21.0,19.6,20.0,19.8,,8.294519226633651e-12,0.0005,0.9995,-0.0004999999917054808,,0.001,0.001,5.289287126761824e-12,0.0005,0.9995,-0.0004999999947107129,,0.001,0.002,5.958992375277136e-12,0.0005,0.9995,-0.0004999999940410076,,0.001,0.004,1.1858678197729668e-11,0.0005,0.9995,-0.0004999999881413218,,0.001,0.001,1.3472940824041332e-11,0.0005,0.9995,-0.0004999999865270591,,0.001,0.002,6.753928882411484e-11,0.0025,0.9975,-0.0024999999324607112,0.001,0.004,0.005,0.6316405902329201,0.355,0.645,0.2766405902329201,0.34,0.37,0.26,0.28760481229551466,0.495,0.505,-0.20739518770448534,0.49,0.5,0.53,0.07219756057196144,0.15,0.85,-0.07780243942803855,0.14,0.16,0.28,0.0074235681772251575,0.0145,0.9855,-0.007076431822774843,0.01,0.019,0.019,0.001133468609964986,0.004,0.996,-0.002866531390035014,0.001,0.007,0.008
20260528T155801-0400,2026-05-28T19:58:01.391742+00:00,2026-05-28T15:58:01.391742-04:00,highest-temperature-in-toronto-on-may-28-2026,2026-05-28T19:51:51.55833Z,v0.4.9 HGBC feature-based ML model,19,0.6316405902329201,19.0,20.0,21.0,19.6,20.0,19.8,,8.294519226633651e-12,0.0005,0.9995,-0.0004999999917054808,,0.001,0.001,5.289287126761824e-12,0.0005,0.9995,-0.0004999999947107129,,0.001,0.002,5.958992375277136e-12,0.0005,0.9995,-0.0004999999940410076,,0.001,0.004,1.1858678197729668e-11,0.0005,0.9995,-0.0004999999881413218,,0.001,0.001,1.3472940824041332e-11,0.0005,0.9995,-0.0004999999865270591,,0.001,0.002,6.753928882411484e-11,0.0025,0.9975,-0.0024999999324607112,0.001,0.004,0.005,0.6316405902329201,0.505,0.495,0.12664059023292007,0.49,0.52,0.5,0.28760481229551466,0.365,0.635,-0.07739518770448534,0.35,0.38,0.32,0.07219756057196144,0.15,0.85,-0.07780243942803855,0.14,0.16,0.14,0.0074235681772251575,0.0145,0.9855,-0.007076431822774843,0.01,0.019,0.01,0.001133468609964986,0.004,0.996,-0.002866531390035014,0.001,0.007,0.008
20260528T160834-0400,2026-05-28T20:08:34.476727+00:00,2026-05-28T16:08:34.476727-04:00,highest-temperature-in-toronto-on-may-28-2026,2026-05-28T20:04:47.532787Z,v0.4.9 HGBC feature-based ML model,19,0.6079668236011749,19.0,20.0,21.0,19.8,20.0,19.8,,8.504514565476704e-12,0.0005,0.9995,-0.0004999999914954854,,0.001,0.001,5.4231979191248255e-12,0.0005,0.9995,-0.0004999999945768021,,0.001,0.002,6.109858150653647e-12,0.0005,0.9995,-0.0004999999938901418,,0.001,0.004,1.2158708324272226e-11,0.0005,0.9995,-0.0004999999878412917,,0.001,0.001,1.379008857959067e-11,0.0005,0.9995,-0.0004999999862099115,,0.001,0.002,6.710579590951791e-11,0.0005,0.9995,-0.000499999932894204,,0.001,0.005,0.6079668236011749,0.355,0.645,0.25296682360117495,0.34,0.37,0.47,0.3049198308716316,0.61,0.39,-0.3050801691283684,0.56,0.66,0.63,0.0782865408451731,0.16,0.84,-0.0817134591548269,0.14,0.18,0.18,0.007664525150821225,0.012,0.988,-0.004335474849178776,0.004,0.02,0.024,0.0011622794181067116,0.005,0.995,-0.0038377205818932885,0.003,0.007,0.025
20260528T161844-0400,2026-05-28T20:18:44.713383+00:00,2026-05-28T16:18:44.713383-04:00,highest-temperature-in-toronto-on-may-28-2026,2026-05-28T20:13:28.64312Z,v0.4.9 HGBC feature-based ML model,19,0.6079668236011749,19.0,19.0,21.0,19.8,20.0,19.7,,8.504514565476704e-12,0.0005,0.9995,-0.0004999999914954854,,0.001,0.001,5.4231979191248255e-12,0.0005,0.9995,-0.0004999999945768021,,0.001,0.002,6.109858150653647e-12,0.0005,0.9995,-0.0004999999938901418,,0.001,0.004,1.2158708324272226e-11,0.0005,0.9995,-0.0004999999878412917,,0.001,0.001,1.379008857959067e-11,0.0005,0.9995,-0.0004999999862099115,,0.001,0.002,6.710579590951791e-11,0.0005,0.9995,-0.000499999932894204,,0.001,0.005,0.6079668236011749,0.195,0.805,0.4129668236011749,0.14,0.25,0.24,0.3049198308716316,0.41,0.59,-0.10508016912836837,0.32,0.5,0.49,0.0782865408451731,0.175,0.825,-0.09671345915482689,0.14,0.21,0.19,0.007664525150821225,0.006,0.994,0.0016645251508212245,0.002,0.01,0.002,0.0011622794181067116,0.0045,0.9955,-0.003337720581893288,0.002,0.007,0.002
20260528T162854-0400,2026-05-28T20:28:54.657876+00:00,2026-05-28T16:28:54.657876-04:00,highest-temperature-in-toronto-on-may-28-2026,2026-05-28T20:25:45.19122Z,v0.4.9 HGBC feature-based ML model,19,0.6837863645739288,19.0,19.0,21.0,19.8,19.0,19.7,,7.642029701728429e-12,0.0005,0.9995,-0.0004999999923579703,,0.001,0.001,4.904449055373275e-12,0.0005,0.9995,-0.000499999995095551,,0.001,0.002,5.6855721289141605e-12,0.0005,0.9995,-0.0004999999943144279,,0.001,0.004,1.1608155066155783e-11,0.0005,0.9995,-0.0004999999883918449,,0.001,0.001,1.3761339927274212e-11,0.0005,0.9995,-0.0004999999862386601,,0.001,0.002,7.375888858483703e-11,0.002,0.998,-0.0019999999262411113,,0.004,0.005,0.6837863645739288,0.49,0.51,0.19378636457392884,0.4,0.58,0.58,0.25969224415587555,0.525,0.475,-0.26530775584412447,0.5,0.55,0.49,0.04910554335741645,0.08,0.92,-0.03089445664258355,0.07,0.09,0.04,0.006325420054970427,0.006,0.994,0.0003254200549704265,0.002,0.01,0.002,0.0010904277404483224,0.0045,0.9955,-0.0034095722595516775,0.002,0.007,0.002
20260528T163904-0400,2026-05-28T20:39:04.759821+00:00,2026-05-28T16:39:04.759821-04:00,highest-temperature-in-toronto-on-may-28-2026,2026-05-28T20:33:06.25629Z,v0.4.9 HGBC feature-based ML model,19,0.6837863645739288,19.0,19.0,21.0,19.8,19.0,19.7,,7.642029701728429e-12,0.0005,0.9995,-0.0004999999923579703,,0.001,0.001,4.904449055373275e-12,0.0005,0.9995,-0.000499999995095551,,0.001,0.002,5.6855721289141605e-12,0.0005,0.9995,-0.0004999999943144279,,0.001,0.004,1.1608155066155783e-11,0.0005,0.9995,-0.0004999999883918449,,0.001,0.001,1.3761339927274212e-11,0.0005,0.9995,-0.0004999999862386601,,0.001,0.002,7.375888858483703e-11,0.002,0.998,-0.0019999999262411113,,0.004,0.005,0.6837863645739288,0.405,0.595,0.2787863645739288,0.35,0.46,0.44,0.25969224415587555,0.44,0.56,-0.18030775584412445,0.41,0.47,0.49,0.04910554335741645,0.06,0.94,-0.010894456642583546,0.04,0.08,0.04,0.006325420054970427,0.0055,0.9945,0.000825420054970427,0.003,0.008,0.002,0.0010904277404483224,0.0045,0.9955,-0.0034095722595516775,0.002,0.007,0.002
20260528T164909-0400,2026-05-28T20:49:09.839176+00:00,2026-05-28T16:49:09.839176-04:00,highest-temperature-in-toronto-on-may-28-2026,2026-05-28T20:39:19.402913Z,v0.4.9 HGBC feature-based ML model,19,0.6837863645739288,19.0,19.0,21.0,19.8,19.0,19.6,,7.642029701728429e-12,0.0005,0.9995,-0.0004999999923579703,,0.001,0.001,4.904449055373275e-12,0.0005,0.9995,-0.000499999995095551,,0.001,0.002,5.6855721289141605e-12,0.0005,0.9995,-0.0004999999943144279,,0.001,0.004,1.1608155066155783e-11,0.0005,0.9995,-0.0004999999883918449,,0.001,0.001,1.3761339927274212e-11,0.0005,0.9995,-0.0004999999862386601,,0.001,0.002,7.375888858483703e-11,0.0005,0.9995,-0.0004999999262411115,,0.001,0.005,0.6837863645739288,0.51,0.49,0.17378636457392882,0.49,0.53,0.44,0.25969224415587555,0.35,0.65,-0.09030775584412443,0.33,0.37,0.33,0.04910554335741645,0.05,0.95,-0.0008944566425835507,0.04,0.06,0.03,0.006325420054970427,0.006,0.994,0.0003254200549704265,0.004,0.008,0.003,0.0010904277404483224,0.0045,0.9955,-0.0034095722595516775,0.002,0.007,0.002
20260528T165909-0400,2026-05-28T20:59:09.955852+00:00,2026-05-28T16:59:09.955852-04:00,highest-temperature-in-toronto-on-may-28-2026,2026-05-28T20:54:07.258014Z,v0.4.9 HGBC feature-based ML model,19,0.6837863645739288,19.0,19.0,21.0,19.8,19.0,19.6,,7.642029701728429e-12,0.0005,0.9995,-0.0004999999923579703,,0.001,0.001,4.904449055373275e-12,0.0005,0.9995,-0.000499999995095551,,0.001,0.002,5.6855721289141605e-12,0.0005,0.9995,-0.0004999999943144279,,0.001,0.004,1.1608155066155783e-11,0.0005,0.9995,-0.0004999999883918449,,0.001,0.001,1.3761339927274212e-11,0.0005,0.9995,-0.0004999999862386601,,0.001,0.002,7.375888858483703e-11,0.0005,0.9995,-0.0004999999262411115,,0.001,0.005,0.6837863645739288,0.51,0.49,0.17378636457392882,0.49,0.53,0.44,0.25969224415587555,0.515,0.485,-0.25530775584412446,0.5,0.53,0.52,0.04910554335741645,0.05,0.95,-0.0008944566425835507,0.04,0.06,0.03,0.006325420054970427,0.006,0.994,0.0003254200549704265,0.004,0.008,0.008,0.0010904277404483224,0.004,0.996,-0.002909572259551678,0.001,0.007,0.007
20260528T170910-0400,2026-05-28T21:09:10.046414+00:00,2026-05-28T17:09:10.046414-04:00,highest-temperature-in-toronto-on-may-28-2026,2026-05-28T21:06:44.17194Z,v0.4.9 HGBC feature-based ML model,19,0.7127937943128932,19.0,19.0,21.0,19.8,19.0,19.1,,7.966218148764944e-12,0.0005,0.9995,-0.0004999999920337818,,0.001,0.001,5.112504478459573e-12,0.0005,0.9995,-0.0004999999948874955,,0.001,0.002,5.926764177483389e-12,0.0005,0.9995,-0.0004999999940732358,,0.001,0.004,1.210059358193451e-11,0.0005,0.9995,-0.0004999999878994065,,0.001,0.001,1.4345120361830177e-11,0.0005,0.9995,-0.0004999999856548796,,0.001,0.002,7.688787139159703e-11,0.0005,0.9995,-0.0004999999231121286,,0.001,0.005,0.7127937943128932,0.43,0.57,0.28279379431289325,0.41,0.45,0.41,0.2707088495115547,0.845,0.155,-0.5742911504884453,0.84,0.85,0.86,0.014332832515803343,0.05,0.95,-0.03566716748419666,0.04,0.06,0.06,0.001846251564311467,0.0065,0.9935,-0.004653748435688533,0.003,0.01,0.007,0.0003182719730983536,0.005,0.995,-0.004681728026901646,0.002,0.008,0.007
20260528T171910-0400,2026-05-28T21:19:10.113370+00:00,2026-05-28T17:19:10.113370-04:00,highest-temperature-in-toronto-on-may-28-2026,2026-05-28T21:17:57.833577Z,v0.4.9 HGBC feature-based ML model,19,0.6837863645739288,19.0,20.0,21.0,19.8,20.0,19.1,,7.642029701728429e-12,0.0005,0.9995,-0.0004999999923579703,,0.001,0.001,4.904449055373275e-12,0.0005,0.9995,-0.000499999995095551,,0.001,0.002,5.6855721289141605e-12,0.0005,0.9995,-0.0004999999943144279,,0.001,0.004,1.1608155066155783e-11,0.0005,0.9995,-0.0004999999883918449,,0.001,0.001,1.3761339927274212e-11,0.0005,0.9995,-0.0004999999862386601,,0.001,0.002,7.375888858483703e-11,0.0005,0.9995,-0.0004999999262411115,,0.001,0.005,0.6837863645739288,0.006,0.994,0.6777863645739288,0.002,0.01,0.01,0.25969224415587555,0.86,0.14,-0.6003077558441244,0.85,0.87,0.87,0.04910554335741645,0.145,0.855,-0.09589445664258353,0.13,0.16,0.09,0.006325420054970427,0.0055,0.9945,0.000825420054970427,0.001,0.01,0.007,0.0010904277404483224,0.0045,0.9955,-0.0034095722595516775,0.001,0.008,0.007
20260528T172910-0400,2026-05-28T21:29:10.153870+00:00,2026-05-28T17:29:10.153870-04:00,highest-temperature-in-toronto-on-may-28-2026,2026-05-28T21:26:03.38365Z,v0.4.9 HGBC feature-based ML model,20,0.8424639946681456,20.0,20.0,21.0,19.8,20.0,19.1,,4.855850483904653e-12,0.0005,0.9995,-0.0004999999951441495,,0.001,0.001,3.0543482288089623e-12,0.0005,0.9995,-0.0004999999969456518,,0.001,0.002,3.5333118033204644e-12,0.0005,0.9995,-0.0004999999964666882,,0.001,0.004,7.234582865673823e-12,0.0005,0.9995,-0.0004999999927654172,,0.001,0.001,6.140882557906332e-12,0.0005,0.9995,-0.0004999999938591175,,0.001,0.002,1.0662827887486154e-11,0.0005,0.9995,-0.0004999999893371721,,0.001,0.005,7.185981186078878e-11,0.0025,0.9975,-0.002499999928140188,0.002,0.003,0.009,0.8424639946681456,0.85,0.15,-0.00753600533185439,0.83,0.87,0.87,0.15110918590324646,0.145,0.855,0.006109185903246467,0.13,0.16,0.1,0.005738975703903665,0.0055,0.9945,0.00023897570390366517,0.001,0.01,0.01,0.0006878436173625664,0.0015,0.9985,-0.0008121563826374336,0.001,0.002,0.008
20260528T174011-0400,2026-05-28T21:40:11.455041+00:00,2026-05-28T17:40:11.455041-04:00,highest-temperature-in-toronto-on-may-28-2026,2026-05-28T21:35:00.893422Z,v0.4.9 HGBC feature-based ML model,20,0.8424639946681456,20.0,20.0,21.0,19.8,20.0,19.1,,4.855850483904653e-12,0.0005,0.9995,-0.0004999999951441495,,0.001,0.001,3.0543482288089623e-12,0.0005,0.9995,-0.0004999999969456518,,0.001,0.002,3.5333118033204644e-12,0.0005,0.9995,-0.0004999999964666882,,0.001,0.004,7.234582865673823e-12,0.0005,0.9995,-0.0004999999927654172,,0.001,0.001,6.140882557906332e-12,0.0005,0.9995,-0.0004999999938591175,,0.001,0.002,1.0662827887486154e-11,0.0005,0.9995,-0.0004999999893371721,,0.001,0.005,7.185981186078878e-11,0.0025,0.9975,-0.002499999928140188,0.002,0.003,0.009,0.8424639946681456,0.855,0.145,-0.012536005331854394,0.84,0.87,0.89,0.15110918590324646,0.145,0.855,0.006109185903246467,0.13,0.16,0.1,0.005738975703903665,0.0055,0.9945,0.00023897570390366517,0.001,0.01,0.01,0.0006878436173625664,0.0015,0.9985,-0.0008121563826374336,0.001,0.002,0.008
20260528T175011-0400,2026-05-28T21:50:11.583018+00:00,2026-05-28T17:50:11.583018-04:00,highest-temperature-in-toronto-on-may-28-2026,2026-05-28T21:47:38.413148Z,v0.4.9 HGBC feature-based ML model,20,0.8424639946681456,20.0,20.0,21.0,19.8,20.0,19.2,,4.855850483904653e-12,0.0005,0.9995,-0.0004999999951441495,,0.001,0.001,3.0543482288089623e-12,0.0005,0.9995,-0.0004999999969456518,,0.001,0.002,3.5333118033204644e-12,0.0005,0.9995,-0.0004999999964666882,,0.001,0.004,7.234582865673823e-12,0.0005,0.9995,-0.0004999999927654172,,0.001,0.001,6.140882557906332e-12,0.0005,0.9995,-0.0004999999938591175,,0.001,0.002,1.0662827887486154e-11,0.0005,0.9995,-0.0004999999893371721,,0.001,0.005,7.185981186078878e-11,0.004,0.996,-0.003999999928140189,0.002,0.006,0.003,0.8424639946681456,0.825,0.175,0.017463994668145633,0.79,0.86,0.79,0.15110918590324646,0.155,0.845,-0.003890814096753542,0.13,0.18,0.1,0.005738975703903665,0.0055,0.9945,0.00023897570390366517,0.001,0.01,0.01,0.0006878436173625664,0.0015,0.9985,-0.0008121563826374336,0.001,0.002,0.008
20260528T180110-0400,2026-05-28T22:01:10.032364+00:00,2026-05-28T18:01:10.032364-04:00,highest-temperature-in-toronto-on-may-28-2026,2026-05-28T21:55:00.276214Z,v0.4.9 HGBC feature-based ML model,20,0.8424639946681456,20.0,20.0,21.0,19.8,19.0,18.4,,4.855850483904653e-12,0.0005,0.9995,-0.0004999999951441495,,0.001,0.001,3.0543482288089623e-12,0.0005,0.9995,-0.0004999999969456518,,0.001,0.002,3.5333118033204644e-12,0.0005,0.9995,-0.0004999999964666882,,0.001,0.004,7.234582865673823e-12,0.0005,0.9995,-0.0004999999927654172,,0.001,0.001,6.140882557906332e-12,0.0005,0.9995,-0.0004999999938591175,,0.001,0.002,1.0662827887486154e-11,0.0005,0.9995,-0.0004999999893371721,,0.001,0.005,7.185981186078878e-11,0.003,0.997,-0.002999999928140188,0.002,0.004,0.003,0.8424639946681456,0.815,0.185,0.02746399466814564,0.78,0.85,0.78,0.15110918590324646,0.155,0.845,-0.003890814096753542,0.11,0.2,0.12,0.005738975703903665,0.005,0.995,0.0007389757039036647,0.001,0.009,0.01,0.0006878436173625664,0.0015,0.9985,-0.0008121563826374336,0.001,0.002,0.008
20260528T181110-0400,2026-05-28T22:11:10.149532+00:00,2026-05-28T18:11:10.149532-04:00,highest-temperature-in-toronto-on-may-28-2026,2026-05-28T22:05:10.307046Z,v0.4.9 HGBC feature-based ML model,20,0.8558814028641369,20.0,20.0,21.0,19.8,19.0,18.4,,4.73396665297441e-12,0.0005,0.9995,-0.0004999999952660333,,0.001,0.001,2.9738437489973427e-12,0.0005,0.9995,-0.0004999999970261563,,0.001,0.002,3.4253975137636582e-12,0.0005,0.9995,-0.0004999999965746025,,0.001,0.004,7.055878331326095e-12,0.0005,0.9995,-0.0004999999929441217,,0.001,0.001,5.982698659255802e-12,0.0005,0.9995,-0.0004999999940173013,,0.001,0.002,1.0512232800882082e-11,0.0005,0.9995,-0.0004999999894877672,,0.001,0.005,7.2653103757158e-11,0.003,0.997,-0.0029999999273468965,0.002,0.004,0.002,0.8558814028641369,0.87,0.13,-0.014118597135863054,0.85,0.89,0.89,0.13815529741550386,0.17,0.83,-0.03184470258449615,0.16,0.18,0.12,0.005298175143347777,0.0055,0.9945,-0.00020182485665222287,0.002,0.009,0.01,0.0006651244696743138,0.0015,0.9985,-0.0008348755303256863,0.001,0.002,0.008
20260528T182213-0400,2026-05-28T22:22:13.908866+00:00,2026-05-28T18:22:13.908866-04:00,highest-temperature-in-toronto-on-may-28-2026,2026-05-28T22:12:15.936107Z,v0.4.9 HGBC feature-based ML model,20,0.8558814028641369,20.0,19.0,21.0,19.8,19.0,18.4,,4.73396665297441e-12,0.0005,0.9995,-0.0004999999952660333,,0.001,0.001,2.9738437489973427e-12,0.0005,0.9995,-0.0004999999970261563,,0.001,0.002,3.4253975137636582e-12,0.0005,0.9995,-0.0004999999965746025,,0.001,0.004,7.055878331326095e-12,0.0005,0.9995,-0.0004999999929441217,,0.001,0.001,5.982698659255802e-12,0.0005,0.9995,-0.0004999999940173013,,0.001,0.002,1.0512232800882082e-11,0.0005,0.9995,-0.0004999999894877672,,0.001,0.005,7.2653103757158e-11,0.0025,0.9975,-0.0024999999273468965,0.002,0.003,0.002,0.8558814028641369,0.905,0.095,-0.049118597135863085,0.89,0.92,0.92,0.13815529741550386,0.115,0.885,0.02315529741550386,0.1,0.13,0.17,0.005298175143347777,0.005,0.995,0.0002981751433477767,0.001,0.009,0.001,0.0006651244696743138,0.0045,0.9955,-0.003834875530325686,0.001,0.008,0.008
20260528T183310-0400,2026-05-28T22:33:10.076241+00:00,2026-05-28T18:33:10.076241-04:00,highest-temperature-in-toronto-on-may-28-2026,2026-05-28T22:21:39.960965Z,v0.4.9 HGBC feature-based ML model,20,0.8558814028641369,20.0,19.0,21.0,19.8,19.0,18.4,,4.73396665297441e-12,0.0005,0.9995,-0.0004999999952660333,,0.001,0.001,2.9738437489973427e-12,0.0005,0.9995,-0.0004999999970261563,,0.001,0.002,3.4253975137636582e-12,0.0005,0.9995,-0.0004999999965746025,,0.001,0.004,7.055878331326095e-12,0.0005,0.9995,-0.0004999999929441217,,0.001,0.001,5.982698659255802e-12,0.0005,0.9995,-0.0004999999940173013,,0.001,0.002,1.0512232800882082e-11,0.0005,0.9995,-0.0004999999894877672,,0.001,0.005,7.2653103757158e-11,0.0025,0.9975,-0.0024999999273468965,0.002,0.003,0.002,0.8558814028641369,0.905,0.095,-0.049118597135863085,0.89,0.92,0.92,0.13815529741550386,0.075,0.925,0.06315529741550387,0.05,0.1,0.04,0.005298175143347777,0.005,0.995,0.0002981751433477767,0.001,0.009,0.001,0.0006651244696743138,0.0045,0.9955,-0.003834875530325686,0.001,0.008,0.008
20260528T184310-0400,2026-05-28T22:43:10.133114+00:00,2026-05-28T18:43:10.133114-04:00,highest-temperature-in-toronto-on-may-28-2026,2026-05-28T22:36:17.009195Z,v0.4.9 HGBC feature-based ML model,20,0.8558814028641369,20.0,19.0,21.0,19.8,19.0,18.4,,4.73396665297441e-12,0.0005,0.9995,-0.0004999999952660333,,0.001,0.001,2.9738437489973427e-12,0.0005,0.9995,-0.0004999999970261563,,0.001,0.002,3.4253975137636582e-12,0.0005,0.9995,-0.0004999999965746025,,0.001,0.004,7.055878331326095e-12,0.0005,0.9995,-0.0004999999929441217,,0.001,0.001,5.982698659255802e-12,0.0005,0.9995,-0.0004999999940173013,,0.001,0.002,1.0512232800882082e-11,0.0005,0.9995,-0.0004999999894877672,,0.001,0.005,7.2653103757158e-11,0.002,0.998,-0.0019999999273468965,0.001,0.003,0.002,0.8558814028641369,0.965,0.035,-0.10911859713586303,0.96,0.97,0.97,0.13815529741550386,0.045,0.955,0.09315529741550387,0.04,0.05,0.05,0.005298175143347777,0.0035,0.9965,0.0017981751433477767,0.002,0.005,0.009,0.0006651244696743138,0.003,0.997,-0.0023348755303256863,0.001,0.005,0.008
20260528T185310-0400,2026-05-28T22:53:10.237615+00:00,2026-05-28T18:53:10.237615-04:00,highest-temperature-in-toronto-on-may-28-2026,2026-05-28T22:47:09.121357Z,v0.4.9 HGBC feature-based ML model,20,0.8558814028641369,20.0,19.0,21.0,19.8,19.0,18.7,,4.73396665297441e-12,0.0005,0.9995,-0.0004999999952660333,,0.001,0.001,2.9738437489973427e-12,0.0005,0.9995,-0.0004999999970261563,,0.001,0.002,3.4253975137636582e-12,0.0005,0.9995,-0.0004999999965746025,,0.001,0.004,7.055878331326095e-12,0.0005,0.9995,-0.0004999999929441217,,0.001,0.001,5.982698659255802e-12,0.0005,0.9995,-0.0004999999940173013,,0.001,0.002,1.0512232800882082e-11,0.0005,0.9995,-0.0004999999894877672,,0.001,0.005,7.2653103757158e-11,0.002,0.998,-0.0019999999273468965,0.001,0.003,0.002,0.8558814028641369,0.965,0.035,-0.10911859713586303,0.96,0.97,0.97,0.13815529741550386,0.04,0.96,0.09815529741550386,0.03,0.05,0.05,0.005298175143347777,0.003,0.997,0.0022981751433477767,0.001,0.005,0.009,0.0006651244696743138,0.003,0.997,-0.0023348755303256863,0.001,0.005,0.008
20260528T190310-0400,2026-05-28T23:03:10.240138+00:00,2026-05-28T19:03:10.240138-04:00,highest-temperature-in-toronto-on-may-28-2026,2026-05-28T22:55:30.469557Z,v0.4.9 HGBC feature-based ML model,20,0.8558814028641369,20.0,18.0,21.0,19.8,18.0,17.3,,4.73396665297441e-12,0.0005,0.9995,-0.0004999999952660333,,0.001,0.001,2.9738437489973427e-12,0.0005,0.9995,-0.0004999999970261563,,0.001,0.002,3.4253975137636582e-12,0.0005,0.9995,-0.0004999999965746025,,0.001,0.004,7.055878331326095e-12,0.0005,0.9995,-0.0004999999929441217,,0.001,0.001,5.982698659255802e-12,0.0005,0.9995,-0.0004999999940173013,,0.001,0.002,1.0512232800882082e-11,0.0005,0.9995,-0.0004999999894877672,,0.001,0.005,7.2653103757158e-11,0.002,0.998,-0.0019999999273468965,0.001,0.003,0.002,0.8558814028641369,0.975,0.025,-0.11911859713586304,0.97,0.98,0.97,0.13815529741550386,0.02,0.98,0.11815529741550386,0.01,0.03,0.04,0.005298175143347777,0.003,0.997,0.0022981751433477767,0.001,0.005,0.009,0.0006651244696743138,0.003,0.997,-0.0023348755303256863,0.001,0.005,0.008
20260528T191310-0400,2026-05-28T23:13:10.261242+00:00,2026-05-28T19:13:10.261242-04:00,highest-temperature-in-toronto-on-may-28-2026,2026-05-28T23:03:00.43903Z,v0.4.9 HGBC feature-based ML model,20,0.8558814028641369,20.0,18.0,21.0,19.8,18.0,17.3,,4.73396665297441e-12,0.0005,0.9995,-0.0004999999952660333,,0.001,0.001,2.9738437489973427e-12,0.0005,0.9995,-0.0004999999970261563,,0.001,0.002,3.4253975137636582e-12,0.0005,0.9995,-0.0004999999965746025,,0.001,0.004,7.055878331326095e-12,0.0005,0.9995,-0.0004999999929441217,,0.001,0.001,5.982698659255802e-12,0.0005,0.9995,-0.0004999999940173013,,0.001,0.002,1.0512232800882082e-11,0.0005,0.9995,-0.0004999999894877672,,0.001,0.005,7.2653103757158e-11,0.002,0.998,-0.0019999999273468965,0.001,0.003,0.002,0.8558814028641369,0.974,0.026,-0.11811859713586303,0.959,0.989,0.958,0.13815529741550386,0.0285,0.9715,0.10965529741550387,0.01,0.047,0.01,0.005298175143347777,0.003,0.997,0.0022981751433477767,0.001,0.005,0.009,0.0006651244696743138,0.003,0.997,-0.0023348755303256863,0.001,0.005,0.008
20260528T192310-0400,2026-05-28T23:23:10.285600+00:00,2026-05-28T19:23:10.285600-04:00,highest-temperature-in-toronto-on-may-28-2026,2026-05-28T23:16:39.143102Z,v0.4.9 HGBC feature-based ML model,20,0.8558814028641369,20.0,19.0,21.0,19.8,18.0,17.3,,4.73396665297441e-12,0.0005,0.9995,-0.0004999999952660333,,0.001,0.001,2.9738437489973427e-12,0.0005,0.9995,-0.0004999999970261563,,0.001,0.002,3.4253975137636582e-12,0.0005,0.9995,-0.0004999999965746025,,0.001,0.004,7.055878331326095e-12,0.0005,0.9995,-0.0004999999929441217,,0.001,0.001,5.982698659255802e-12,0.0005,0.9995,-0.0004999999940173013,,0.001,0.002,1.0512232800882082e-11,0.0005,0.9995,-0.0004999999894877672,,0.001,0.005,7.2653103757158e-11,0.002,0.998,-0.0019999999273468965,0.001,0.003,0.002,0.8558814028641369,0.9855,0.0145,-0.1296185971358631,0.981,0.99,0.989,0.13815529741550386,0.009,0.991,0.12915529741550386,0.002,0.016,0.01,0.005298175143347777,0.002,0.998,0.0032981751433477768,0.001,0.003,0.009,0.0006651244696743138,0.002,0.998,-0.0013348755303256863,0.001,0.003,0.008
20260528T193310-0400,2026-05-28T23:33:10.324678+00:00,2026-05-28T19:33:10.324678-04:00,highest-temperature-in-toronto-on-may-28-2026,2026-05-28T23:25:56.439234Z,v0.4.9 HGBC feature-based ML model,20,0.8558814028641369,20.0,19.0,21.0,19.8,18.0,17.3,,4.73396665297441e-12,0.0005,0.9995,-0.0004999999952660333,,0.001,0.001,2.9738437489973427e-12,0.0005,0.9995,-0.0004999999970261563,,0.001,0.002,3.4253975137636582e-12,0.0005,0.9995,-0.0004999999965746025,,0.001,0.004,7.055878331326095e-12,0.0005,0.9995,-0.0004999999929441217,,0.001,0.001,5.982698659255802e-12,0.0005,0.9995,-0.0004999999940173013,,0.001,0.002,1.0512232800882082e-11,0.0005,0.9995,-0.0004999999894877672,,0.001,0.005,7.2653103757158e-11,0.002,0.998,-0.0019999999273468965,0.001,0.003,0.002,0.8558814028641369,0.985,0.015,-0.12911859713586304,0.981,0.989,0.989,0.13815529741550386,0.0075,0.9925,0.13065529741550386,0.002,0.013,0.01,0.005298175143347777,0.002,0.998,0.0032981751433477768,0.001,0.003,0.009,0.0006651244696743138,0.002,0.998,-0.0013348755303256863,0.001,0.003,0.008
20260528T194310-0400,2026-05-28T23:43:10.330925+00:00,2026-05-28T19:43:10.330925-04:00,highest-temperature-in-toronto-on-may-28-2026,2026-05-28T23:35:24.213015Z,v0.4.9 HGBC feature-based ML model,20,0.8558814028641369,20.0,19.0,21.0,19.8,18.0,17.3,,4.73396665297441e-12,0.0005,0.9995,-0.0004999999952660333,,0.001,0.001,2.9738437489973427e-12,0.0005,0.9995,-0.0004999999970261563,,0.001,0.002,3.4253975137636582e-12,0.0005,0.9995,-0.0004999999965746025,,0.001,0.004,7.055878331326095e-12,0.0005,0.9995,-0.0004999999929441217,,0.001,0.001,5.982698659255802e-12,0.0005,0.9995,-0.0004999999940173013,,0.001,0.002,1.0512232800882082e-11,0.0005,0.9995,-0.0004999999894877672,,0.001,0.005,7.2653103757158e-11,0.002,0.998,-0.0019999999273468965,0.001,0.003,0.001,0.8558814028641369,0.9935,0.0065,-0.1376185971358631,0.99,0.997,0.99,0.13815529741550386,0.0055,0.9945,0.13265529741550386,0.002,0.009,0.01,0.005298175143347777,0.002,0.998,0.0032981751433477768,0.001,0.003,0.009,0.0006651244696743138,0.0015,0.9985,-0.0008348755303256863,,0.003,0.008
