snapshot_id,captured_at_utc,captured_at_local,event_slug,event_updated_at,model_version,top_temp_c,top_probability,range_label,bin_kind,bin_value_c,model_probability,market_yes,market_no,edge,best_bid,best_ask,last_trade_price,volume,liquidity,market_status,wu_history_high_c,wu_current_c,wu_max_since_7am_c,eccc_swob_max_c,weather_forecast_max_c,open_meteo_max_c,eccc_forecast_high_c
20260609T083451-0400,2026-06-09T12:34:51.535500+00:00,2026-06-09T08:34:51.535500-04:00,highest-temperature-in-los-angeles-on-june-9-2026,2026-06-09T12:27:51.639526Z,v0.5.0 HGBC feature-based ML model,72,0.7326140359500258,65°F or below,lte,65,0.0005228386996749721,0.0005,0.9995,2.2838699674972108e-05,,0.001,,700.2278500000001,3953.35672,active,63.0,60.0,70.0,,72.0,72.4,
20260609T083451-0400,2026-06-09T12:34:51.535500+00:00,2026-06-09T08:34:51.535500-04:00,highest-temperature-in-los-angeles-on-june-9-2026,2026-06-09T12:27:51.639526Z,v0.5.0 HGBC feature-based ML model,72,0.7326140359500258,66-67°F,eq,66,0.004815243866057892,0.0005,0.9995,0.004315243866057892,,0.001,,2303.528259,2702.05197,active,63.0,60.0,70.0,,72.0,72.4,
20260609T083451-0400,2026-06-09T12:34:51.535500+00:00,2026-06-09T08:34:51.535500-04:00,highest-temperature-in-los-angeles-on-june-9-2026,2026-06-09T12:27:51.639526Z,v0.5.0 HGBC feature-based ML model,72,0.7326140359500258,68-69°F,eq,68,0.03468047240299123,0.0015,0.9985,0.033180472402991226,0.001,0.002,0.001,2858.8417429999995,1442.94555,active,63.0,60.0,70.0,,72.0,72.4,
20260609T083451-0400,2026-06-09T12:34:51.535500+00:00,2026-06-09T08:34:51.535500-04:00,highest-temperature-in-los-angeles-on-june-9-2026,2026-06-09T12:27:51.639526Z,v0.5.0 HGBC feature-based ML model,72,0.7326140359500258,70-71°F,eq,70,0.11247909482703519,0.14,0.86,-0.02752090517296482,0.13,0.15,0.14,2383.7443110000004,794.9598,active,63.0,60.0,70.0,,72.0,72.4,
20260609T083451-0400,2026-06-09T12:34:51.535500+00:00,2026-06-09T08:34:51.535500-04:00,highest-temperature-in-los-angeles-on-june-9-2026,2026-06-09T12:27:51.639526Z,v0.5.0 HGBC feature-based ML model,72,0.7326140359500258,72-73°F,eq,72,0.8371438557455917,0.645,0.355,0.19214385574559167,0.63,0.66,0.66,2678.0082059999995,1554.6657,active,63.0,60.0,70.0,,72.0,72.4,
20260609T083451-0400,2026-06-09T12:34:51.535500+00:00,2026-06-09T08:34:51.535500-04:00,highest-temperature-in-los-angeles-on-june-9-2026,2026-06-09T12:27:51.639526Z,v0.5.0 HGBC feature-based ML model,72,0.7326140359500258,74-75°F,eq,74,0.010265022567675454,0.22,0.78,-0.20973497743232455,0.21,0.23,0.25,2396.4050030000003,698.1088,active,63.0,60.0,70.0,,72.0,72.4,
20260609T083451-0400,2026-06-09T12:34:51.535500+00:00,2026-06-09T08:34:51.535500-04:00,highest-temperature-in-los-angeles-on-june-9-2026,2026-06-09T12:27:51.639526Z,v0.5.0 HGBC feature-based ML model,72,0.7326140359500258,76-77°F,eq,76,7.933149388253735e-05,0.012,0.988,-0.011920668506117463,0.005,0.019,0.005,1080.3703910000002,656.8266,active,63.0,60.0,70.0,,72.0,72.4,
20260609T083451-0400,2026-06-09T12:34:51.535500+00:00,2026-06-09T08:34:51.535500-04:00,highest-temperature-in-los-angeles-on-june-9-2026,2026-06-09T12:27:51.639526Z,v0.5.0 HGBC feature-based ML model,72,0.7326140359500258,78-79°F,eq,78,1.4085114084891716e-05,0.003,0.997,-0.0029859148859151083,0.001,0.005,0.001,2926.9363,2267.0903,active,63.0,60.0,70.0,,72.0,72.4,
20260609T083451-0400,2026-06-09T12:34:51.535500+00:00,2026-06-09T08:34:51.535500-04:00,highest-temperature-in-los-angeles-on-june-9-2026,2026-06-09T12:27:51.639526Z,v0.5.0 HGBC feature-based ML model,72,0.7326140359500258,80-81°F,eq,80,5.026728251508438e-08,0.003,0.997,-0.002999949732717485,,0.006,0.005,1125.2530000000002,2284.18138,active,63.0,60.0,70.0,,72.0,72.4,
20260609T083451-0400,2026-06-09T12:34:51.535500+00:00,2026-06-09T08:34:51.535500-04:00,highest-temperature-in-los-angeles-on-june-9-2026,2026-06-09T12:27:51.639526Z,v0.5.0 HGBC feature-based ML model,72,0.7326140359500258,82-83°F,eq,82,4.8063309059062e-09,0.0005,0.9995,-0.0004999951936690941,,0.001,0.003,526.2855000000002,2015.23548,active,63.0,60.0,70.0,,72.0,72.4,
20260609T083451-0400,2026-06-09T12:34:51.535500+00:00,2026-06-09T08:34:51.535500-04:00,highest-temperature-in-los-angeles-on-june-9-2026,2026-06-09T12:27:51.639526Z,v0.5.0 HGBC feature-based ML model,72,0.7326140359500258,84°F or higher,gte,84,2.0939271354341134e-10,0.0005,0.9995,-0.0004999997906072864,,0.001,0.003,588.2815999999999,2213.13428,active,63.0,60.0,70.0,,72.0,72.4,
20260609T084513-0400,2026-06-09T12:45:13.045356+00:00,2026-06-09T08:45:13.045356-04:00,highest-temperature-in-los-angeles-on-june-9-2026,2026-06-09T12:41:38.786293Z,v0.5.0 HGBC feature-based ML model,72,0.7326140359500258,65°F or below,lte,65,0.0005228386996749721,0.0005,0.9995,2.2838699674972108e-05,,0.001,,700.2278500000001,4170.79132,active,63.0,60.0,70.0,,72.0,72.4,
20260609T084513-0400,2026-06-09T12:45:13.045356+00:00,2026-06-09T08:45:13.045356-04:00,highest-temperature-in-los-angeles-on-june-9-2026,2026-06-09T12:41:38.786293Z,v0.5.0 HGBC feature-based ML model,72,0.7326140359500258,66-67°F,eq,66,0.004815243866057892,0.0005,0.9995,0.004315243866057892,,0.001,,2303.528259,2709.18497,active,63.0,60.0,70.0,,72.0,72.4,
20260609T084513-0400,2026-06-09T12:45:13.045356+00:00,2026-06-09T08:45:13.045356-04:00,highest-temperature-in-los-angeles-on-june-9-2026,2026-06-09T12:41:38.786293Z,v0.5.0 HGBC feature-based ML model,72,0.7326140359500258,68-69°F,eq,68,0.03468047240299123,0.0015,0.9985,0.033180472402991226,0.001,0.002,0.002,2858.8417429999995,1387.93305,active,63.0,60.0,70.0,,72.0,72.4,
20260609T084513-0400,2026-06-09T12:45:13.045356+00:00,2026-06-09T08:45:13.045356-04:00,highest-temperature-in-los-angeles-on-june-9-2026,2026-06-09T12:41:38.786293Z,v0.5.0 HGBC feature-based ML model,72,0.7326140359500258,70-71°F,eq,70,0.11247909482703519,0.13,0.87,-0.017520905172964812,0.12,0.14,0.15,2404.1443110000005,1060.5481,active,63.0,60.0,70.0,,72.0,72.4,
20260609T084513-0400,2026-06-09T12:45:13.045356+00:00,2026-06-09T08:45:13.045356-04:00,highest-temperature-in-los-angeles-on-june-9-2026,2026-06-09T12:41:38.786293Z,v0.5.0 HGBC feature-based ML model,72,0.7326140359500258,72-73°F,eq,72,0.8371438557455917,0.65,0.35,0.18714385574559167,0.64,0.66,0.65,2684.2182059999996,1824.487,active,63.0,60.0,70.0,,72.0,72.4,
20260609T084513-0400,2026-06-09T12:45:13.045356+00:00,2026-06-09T08:45:13.045356-04:00,highest-temperature-in-los-angeles-on-june-9-2026,2026-06-09T12:41:38.786293Z,v0.5.0 HGBC feature-based ML model,72,0.7326140359500258,74-75°F,eq,74,0.010265022567675454,0.145,0.855,-0.13473497743232454,0.13,0.16,0.14,2422.475003,1122.8057,active,63.0,60.0,70.0,,72.0,72.4,
20260609T084513-0400,2026-06-09T12:45:13.045356+00:00,2026-06-09T08:45:13.045356-04:00,highest-temperature-in-los-angeles-on-june-9-2026,2026-06-09T12:41:38.786293Z,v0.5.0 HGBC feature-based ML model,72,0.7326140359500258,76-77°F,eq,76,7.933149388253735e-05,0.013,0.987,-0.012920668506117462,0.007,0.019,0.019,1080.3703910000002,643.85281,active,63.0,60.0,70.0,,72.0,72.4,
20260609T084513-0400,2026-06-09T12:45:13.045356+00:00,2026-06-09T08:45:13.045356-04:00,highest-temperature-in-los-angeles-on-june-9-2026,2026-06-09T12:41:38.786293Z,v0.5.0 HGBC feature-based ML model,72,0.7326140359500258,78-79°F,eq,78,1.4085114084891716e-05,0.003,0.997,-0.0029859148859151083,0.001,0.005,0.005,2926.9363,2247.2603,active,63.0,60.0,70.0,,72.0,72.4,
20260609T084513-0400,2026-06-09T12:45:13.045356+00:00,2026-06-09T08:45:13.045356-04:00,highest-temperature-in-los-angeles-on-june-9-2026,2026-06-09T12:41:38.786293Z,v0.5.0 HGBC feature-based ML model,72,0.7326140359500258,80-81°F,eq,80,5.026728251508438e-08,0.003,0.997,-0.002999949732717485,,0.006,0.005,1125.2530000000002,2320.82238,active,63.0,60.0,70.0,,72.0,72.4,
20260609T084513-0400,2026-06-09T12:45:13.045356+00:00,2026-06-09T08:45:13.045356-04:00,highest-temperature-in-los-angeles-on-june-9-2026,2026-06-09T12:41:38.786293Z,v0.5.0 HGBC feature-based ML model,72,0.7326140359500258,82-83°F,eq,82,4.8063309059062e-09,0.0005,0.9995,-0.0004999951936690941,,0.001,0.003,526.2855000000002,2012.53548,active,63.0,60.0,70.0,,72.0,72.4,
20260609T084513-0400,2026-06-09T12:45:13.045356+00:00,2026-06-09T08:45:13.045356-04:00,highest-temperature-in-los-angeles-on-june-9-2026,2026-06-09T12:41:38.786293Z,v0.5.0 HGBC feature-based ML model,72,0.7326140359500258,84°F or higher,gte,84,2.0939271354341134e-10,0.0005,0.9995,-0.0004999997906072864,,0.001,0.003,588.2815999999999,2156.98288,active,63.0,60.0,70.0,,72.0,72.4,
20260609T085549-0400,2026-06-09T12:55:49.484200+00:00,2026-06-09T08:55:49.484200-04:00,highest-temperature-in-los-angeles-on-june-9-2026,2026-06-09T12:49:52.705914Z,v0.5.0 HGBC feature-based ML model,72,0.7326140359500258,65°F or below,lte,65,0.0005228386996749721,0.0005,0.9995,2.2838699674972108e-05,,0.001,,700.2278500000001,4077.03892,active,63.0,60.0,70.0,,72.0,72.4,
20260609T085549-0400,2026-06-09T12:55:49.484200+00:00,2026-06-09T08:55:49.484200-04:00,highest-temperature-in-los-angeles-on-june-9-2026,2026-06-09T12:49:52.705914Z,v0.5.0 HGBC feature-based ML model,72,0.7326140359500258,66-67°F,eq,66,0.004815243866057892,0.0005,0.9995,0.004315243866057892,,0.001,,2303.528259,2722.94197,active,63.0,60.0,70.0,,72.0,72.4,
20260609T085549-0400,2026-06-09T12:55:49.484200+00:00,2026-06-09T08:55:49.484200-04:00,highest-temperature-in-los-angeles-on-june-9-2026,2026-06-09T12:49:52.705914Z,v0.5.0 HGBC feature-based ML model,72,0.7326140359500258,68-69°F,eq,68,0.03468047240299123,0.0015,0.9985,0.033180472402991226,0.001,0.002,0.002,2863.8417429999995,1344.92305,active,63.0,60.0,70.0,,72.0,72.4,
20260609T085549-0400,2026-06-09T12:55:49.484200+00:00,2026-06-09T08:55:49.484200-04:00,highest-temperature-in-los-angeles-on-june-9-2026,2026-06-09T12:49:52.705914Z,v0.5.0 HGBC feature-based ML model,72,0.7326140359500258,70-71°F,eq,70,0.11247909482703519,0.15,0.85,-0.0375209051729648,0.14,0.16,0.16,2556.5293110000007,873.6486,active,63.0,60.0,70.0,,72.0,72.4,
20260609T085549-0400,2026-06-09T12:55:49.484200+00:00,2026-06-09T08:55:49.484200-04:00,highest-temperature-in-los-angeles-on-june-9-2026,2026-06-09T12:49:52.705914Z,v0.5.0 HGBC feature-based ML model,72,0.7326140359500258,72-73°F,eq,72,0.8371438557455917,0.65,0.35,0.18714385574559167,0.64,0.66,0.65,2693.2182059999996,1878.8753,active,63.0,60.0,70.0,,72.0,72.4,
20260609T085549-0400,2026-06-09T12:55:49.484200+00:00,2026-06-09T08:55:49.484200-04:00,highest-temperature-in-los-angeles-on-june-9-2026,2026-06-09T12:49:52.705914Z,v0.5.0 HGBC feature-based ML model,72,0.7326140359500258,74-75°F,eq,74,0.010265022567675454,0.165,0.835,-0.15473497743232456,0.15,0.18,0.15,2458.6283350000003,913.4826,active,63.0,60.0,70.0,,72.0,72.4,
20260609T085549-0400,2026-06-09T12:55:49.484200+00:00,2026-06-09T08:55:49.484200-04:00,highest-temperature-in-los-angeles-on-june-9-2026,2026-06-09T12:49:52.705914Z,v0.5.0 HGBC feature-based ML model,72,0.7326140359500258,76-77°F,eq,76,7.933149388253735e-05,0.013,0.987,-0.012920668506117462,0.007,0.019,0.019,1085.3703910000002,836.62153,active,63.0,60.0,70.0,,72.0,72.4,
20260609T085549-0400,2026-06-09T12:55:49.484200+00:00,2026-06-09T08:55:49.484200-04:00,highest-temperature-in-los-angeles-on-june-9-2026,2026-06-09T12:49:52.705914Z,v0.5.0 HGBC feature-based ML model,72,0.7326140359500258,78-79°F,eq,78,1.4085114084891716e-05,0.003,0.997,-0.0029859148859151083,0.001,0.005,0.005,2931.9363,2307.6529,active,63.0,60.0,70.0,,72.0,72.4,
20260609T085549-0400,2026-06-09T12:55:49.484200+00:00,2026-06-09T08:55:49.484200-04:00,highest-temperature-in-los-angeles-on-june-9-2026,2026-06-09T12:49:52.705914Z,v0.5.0 HGBC feature-based ML model,72,0.7326140359500258,80-81°F,eq,80,5.026728251508438e-08,0.002,0.998,-0.0019999497327174848,,0.004,0.005,1125.2530000000002,2220.06232,active,63.0,60.0,70.0,,72.0,72.4,
20260609T085549-0400,2026-06-09T12:55:49.484200+00:00,2026-06-09T08:55:49.484200-04:00,highest-temperature-in-los-angeles-on-june-9-2026,2026-06-09T12:49:52.705914Z,v0.5.0 HGBC feature-based ML model,72,0.7326140359500258,82-83°F,eq,82,4.8063309059062e-09,0.0005,0.9995,-0.0004999951936690941,,0.001,0.003,526.2855000000002,1925.29548,active,63.0,60.0,70.0,,72.0,72.4,
20260609T085549-0400,2026-06-09T12:55:49.484200+00:00,2026-06-09T08:55:49.484200-04:00,highest-temperature-in-los-angeles-on-june-9-2026,2026-06-09T12:49:52.705914Z,v0.5.0 HGBC feature-based ML model,72,0.7326140359500258,84°F or higher,gte,84,2.0939271354341134e-10,0.0005,0.9995,-0.0004999997906072864,,0.001,0.003,588.2815999999999,2060.38288,active,63.0,60.0,70.0,,72.0,72.4,
20260609T090607-0400,2026-06-09T13:06:07.916721+00:00,2026-06-09T09:06:07.916721-04:00,highest-temperature-in-los-angeles-on-june-9-2026,2026-06-09T13:02:14.469582Z,v0.5.0 HGBC feature-based ML model,72,0.7329085930142385,65°F or below,lte,65,0.00052557813263485,0.0005,0.9995,2.5578132634849994e-05,,0.001,,700.2278500000001,4045.58232,active,63.0,60.0,70.0,,72.0,72.4,
20260609T090607-0400,2026-06-09T13:06:07.916721+00:00,2026-06-09T09:06:07.916721-04:00,highest-temperature-in-los-angeles-on-june-9-2026,2026-06-09T13:02:14.469582Z,v0.5.0 HGBC feature-based ML model,72,0.7329085930142385,66-67°F,eq,66,0.004821287638782257,0.0005,0.9995,0.004321287638782256,,0.001,,2303.528259,2685.46797,active,63.0,60.0,70.0,,72.0,72.4,
20260609T090607-0400,2026-06-09T13:06:07.916721+00:00,2026-06-09T09:06:07.916721-04:00,highest-temperature-in-los-angeles-on-june-9-2026,2026-06-09T13:02:14.469582Z,v0.5.0 HGBC feature-based ML model,72,0.7329085930142385,68-69°F,eq,68,0.034357757885108337,0.0015,0.9985,0.032857757885108335,0.001,0.002,0.002,2863.8417429999995,1446.14587,active,63.0,60.0,70.0,,72.0,72.4,
20260609T090607-0400,2026-06-09T13:06:07.916721+00:00,2026-06-09T09:06:07.916721-04:00,highest-temperature-in-los-angeles-on-june-9-2026,2026-06-09T13:02:14.469582Z,v0.5.0 HGBC feature-based ML model,72,0.7329085930142385,70-71°F,eq,70,0.11277618004048694,0.15,0.85,-0.03722381995951306,0.14,0.16,0.16,2567.7793110000007,901.6181,active,63.0,60.0,70.0,,72.0,72.4,
20260609T090607-0400,2026-06-09T13:06:07.916721+00:00,2026-06-09T09:06:07.916721-04:00,highest-temperature-in-los-angeles-on-june-9-2026,2026-06-09T13:02:14.469582Z,v0.5.0 HGBC feature-based ML model,72,0.7329085930142385,72-73°F,eq,72,0.8373784465799818,0.65,0.35,0.18737844657998182,0.64,0.66,0.65,2693.2182059999996,1812.5353,active,63.0,60.0,70.0,,72.0,72.4,
20260609T090607-0400,2026-06-09T13:06:07.916721+00:00,2026-06-09T09:06:07.916721-04:00,highest-temperature-in-los-angeles-on-june-9-2026,2026-06-09T13:02:14.469582Z,v0.5.0 HGBC feature-based ML model,72,0.7329085930142385,74-75°F,eq,74,0.010053730135727874,0.165,0.835,-0.15494626986427212,0.15,0.18,0.15,2458.6283350000003,839.4281,active,63.0,60.0,70.0,,72.0,72.4,
20260609T090607-0400,2026-06-09T13:06:07.916721+00:00,2026-06-09T09:06:07.916721-04:00,highest-temperature-in-los-angeles-on-june-9-2026,2026-06-09T13:02:14.469582Z,v0.5.0 HGBC feature-based ML model,72,0.7329085930142385,76-77°F,eq,76,7.290994628255556e-05,0.0135,0.9865,-0.013427090053717445,0.008,0.019,0.019,1085.3703910000002,707.98057,active,63.0,60.0,70.0,,72.0,72.4,
20260609T090607-0400,2026-06-09T13:06:07.916721+00:00,2026-06-09T09:06:07.916721-04:00,highest-temperature-in-los-angeles-on-june-9-2026,2026-06-09T13:02:14.469582Z,v0.5.0 HGBC feature-based ML model,72,0.7329085930142385,78-79°F,eq,78,1.4054556567283598e-05,0.003,0.997,-0.0029859454434327166,0.001,0.005,0.005,2931.9363,2258.4273,active,63.0,60.0,70.0,,72.0,72.4,
20260609T090607-0400,2026-06-09T13:06:07.916721+00:00,2026-06-09T09:06:07.916721-04:00,highest-temperature-in-los-angeles-on-june-9-2026,2026-06-09T13:02:14.469582Z,v0.5.0 HGBC feature-based ML model,72,0.7329085930142385,80-81°F,eq,80,5.0083317349153106e-08,0.003,0.997,-0.002999949916682651,,0.006,0.005,1125.2530000000002,2191.74138,active,63.0,60.0,70.0,,72.0,72.4,
20260609T090607-0400,2026-06-09T13:06:07.916721+00:00,2026-06-09T09:06:07.916721-04:00,highest-temperature-in-los-angeles-on-june-9-2026,2026-06-09T13:02:14.469582Z,v0.5.0 HGBC feature-based ML model,72,0.7329085930142385,82-83°F,eq,82,4.792275763401713e-09,0.0005,0.9995,-0.0004999952077242366,,0.001,0.003,526.2855000000002,1888.97648,active,63.0,60.0,70.0,,72.0,72.4,
20260609T090607-0400,2026-06-09T13:06:07.916721+00:00,2026-06-09T09:06:07.916721-04:00,highest-temperature-in-los-angeles-on-june-9-2026,2026-06-09T13:02:14.469582Z,v0.5.0 HGBC feature-based ML model,72,0.7329085930142385,84°F or higher,gte,84,2.0883508466465516e-10,0.0005,0.9995,-0.0004999997911649154,,0.001,0.003,588.2815999999999,2017.90088,active,63.0,60.0,70.0,,72.0,72.4,
20260609T091627-0400,2026-06-09T13:16:27.596817+00:00,2026-06-09T09:16:27.596817-04:00,highest-temperature-in-los-angeles-on-june-9-2026,2026-06-09T13:05:08.188793Z,v0.5.0 HGBC feature-based ML model,72,0.7358990226269969,65°F or below,lte,65,0.0004180344222314603,0.0005,0.9995,-8.19655777685397e-05,,0.001,,700.2278500000001,4154.29232,active,63.0,60.0,70.0,,72.0,72.1,
20260609T091627-0400,2026-06-09T13:16:27.596817+00:00,2026-06-09T09:16:27.596817-04:00,highest-temperature-in-los-angeles-on-june-9-2026,2026-06-09T13:05:08.188793Z,v0.5.0 HGBC feature-based ML model,72,0.7358990226269969,66-67°F,eq,66,0.004584803448207739,0.0005,0.9995,0.00408480344820774,,0.001,,2303.528259,2681.06297,active,63.0,60.0,70.0,,72.0,72.1,
20260609T091627-0400,2026-06-09T13:16:27.596817+00:00,2026-06-09T09:16:27.596817-04:00,highest-temperature-in-los-angeles-on-june-9-2026,2026-06-09T13:05:08.188793Z,v0.5.0 HGBC feature-based ML model,72,0.7358990226269969,68-69°F,eq,68,0.0335288318849591,0.0015,0.9985,0.0320288318849591,0.001,0.002,0.002,2874.0017429999994,1367.54137,active,63.0,60.0,70.0,,72.0,72.1,
20260609T091627-0400,2026-06-09T13:16:27.596817+00:00,2026-06-09T09:16:27.596817-04:00,highest-temperature-in-los-angeles-on-june-9-2026,2026-06-09T13:05:08.188793Z,v0.5.0 HGBC feature-based ML model,72,0.7358990226269969,70-71°F,eq,70,0.11207816852517982,0.15,0.85,-0.03792183147482017,0.14,0.16,0.16,2567.7793110000007,900.6188,active,63.0,60.0,70.0,,72.0,72.1,
20260609T091627-0400,2026-06-09T13:16:27.596817+00:00,2026-06-09T09:16:27.596817-04:00,highest-temperature-in-los-angeles-on-june-9-2026,2026-06-09T13:05:08.188793Z,v0.5.0 HGBC feature-based ML model,72,0.7358990226269969,72-73°F,eq,72,0.8402821632094868,0.655,0.345,0.18528216320948676,0.64,0.67,0.66,2697.2082059999993,1929.1528,active,63.0,60.0,70.0,,72.0,72.1,
20260609T091627-0400,2026-06-09T13:16:27.596817+00:00,2026-06-09T09:16:27.596817-04:00,highest-temperature-in-los-angeles-on-june-9-2026,2026-06-09T13:05:08.188793Z,v0.5.0 HGBC feature-based ML model,72,0.7358990226269969,74-75°F,eq,74,0.009058233069292699,0.155,0.845,-0.1459417669307073,0.14,0.17,0.17,2473.2828630000004,989.2061,active,63.0,60.0,70.0,,72.0,72.1,
20260609T091627-0400,2026-06-09T13:16:27.596817+00:00,2026-06-09T09:16:27.596817-04:00,highest-temperature-in-los-angeles-on-june-9-2026,2026-06-09T13:05:08.188793Z,v0.5.0 HGBC feature-based ML model,72,0.7358990226269969,76-77°F,eq,76,4.151714887907288e-05,0.0135,0.9865,-0.013458482851120926,0.008,0.019,0.019,1085.3703910000002,802.33657,active,63.0,60.0,70.0,,72.0,72.1,
20260609T091627-0400,2026-06-09T13:16:27.596817+00:00,2026-06-09T09:16:27.596817-04:00,highest-temperature-in-los-angeles-on-june-9-2026,2026-06-09T13:05:08.188793Z,v0.5.0 HGBC feature-based ML model,72,0.7358990226269969,78-79°F,eq,78,8.195237331854216e-06,0.003,0.997,-0.002991804762668146,0.001,0.005,0.005,2931.9363,2254.1173,active,63.0,60.0,70.0,,72.0,72.1,
20260609T091627-0400,2026-06-09T13:16:27.596817+00:00,2026-06-09T09:16:27.596817-04:00,highest-temperature-in-los-angeles-on-june-9-2026,2026-06-09T13:05:08.188793Z,v0.5.0 HGBC feature-based ML model,72,0.7358990226269969,80-81°F,eq,80,4.9051932729173044e-08,0.002,0.998,-0.001999950948067271,,0.004,0.005,1125.2530000000002,2202.94032,active,63.0,60.0,70.0,,72.0,72.1,
20260609T091627-0400,2026-06-09T13:16:27.596817+00:00,2026-06-09T09:16:27.596817-04:00,highest-temperature-in-los-angeles-on-june-9-2026,2026-06-09T13:05:08.188793Z,v0.5.0 HGBC feature-based ML model,72,0.7358990226269969,82-83°F,eq,82,3.834631450225463e-09,0.0005,0.9995,-0.0004999961653685497,,0.001,0.003,526.2855000000002,1897.48648,active,63.0,60.0,70.0,,72.0,72.1,
20260609T091627-0400,2026-06-09T13:16:27.596817+00:00,2026-06-09T09:16:27.596817-04:00,highest-temperature-in-los-angeles-on-june-9-2026,2026-06-09T13:05:08.188793Z,v0.5.0 HGBC feature-based ML model,72,0.7358990226269969,84°F or higher,gte,84,1.6786729819821245e-10,0.0005,0.9995,-0.0004999998321327018,,0.001,0.003,588.2815999999999,2116.30088,active,63.0,60.0,70.0,,72.0,72.1,
20260609T092640-0400,2026-06-09T13:26:40.387241+00:00,2026-06-09T09:26:40.387241-04:00,highest-temperature-in-los-angeles-on-june-9-2026,2026-06-09T13:21:06.495533Z,v0.5.0 HGBC feature-based ML model,72,0.734565270425097,65°F or below,lte,65,0.0006101093883222092,0.0005,0.9995,0.00011010938832220919,,0.001,,700.2278500000001,4133.76732,active,63.0,61.0,70.0,,71.0,72.1,
20260609T092640-0400,2026-06-09T13:26:40.387241+00:00,2026-06-09T09:26:40.387241-04:00,highest-temperature-in-los-angeles-on-june-9-2026,2026-06-09T13:21:06.495533Z,v0.5.0 HGBC feature-based ML model,72,0.734565270425097,66-67°F,eq,66,0.004612954813122686,0.0005,0.9995,0.004112954813122686,,0.001,,2303.528259,2660.83297,active,63.0,61.0,70.0,,71.0,72.1,
20260609T092640-0400,2026-06-09T13:26:40.387241+00:00,2026-06-09T09:26:40.387241-04:00,highest-temperature-in-los-angeles-on-june-9-2026,2026-06-09T13:21:06.495533Z,v0.5.0 HGBC feature-based ML model,72,0.734565270425097,68-69°F,eq,68,0.03090053444881166,0.0015,0.9985,0.029400534448811657,0.001,0.002,0.002,2874.0017429999994,1367.54137,active,63.0,61.0,70.0,,71.0,72.1,
20260609T092640-0400,2026-06-09T13:26:40.387241+00:00,2026-06-09T09:26:40.387241-04:00,highest-temperature-in-los-angeles-on-june-9-2026,2026-06-09T13:21:06.495533Z,v0.5.0 HGBC feature-based ML model,72,0.734565270425097,70-71°F,eq,70,0.12091988394864399,0.15,0.85,-0.029080116051356006,0.14,0.16,0.16,2567.7793110000007,901.936,active,63.0,61.0,70.0,,71.0,72.1,
20260609T092640-0400,2026-06-09T13:26:40.387241+00:00,2026-06-09T09:26:40.387241-04:00,highest-temperature-in-los-angeles-on-june-9-2026,2026-06-09T13:21:06.495533Z,v0.5.0 HGBC feature-based ML model,72,0.734565270425097,72-73°F,eq,72,0.835299673005736,0.655,0.345,0.18029967300573602,0.64,0.67,0.67,2703.0282059999995,1807.6988,active,63.0,61.0,70.0,,71.0,72.1,
20260609T092640-0400,2026-06-09T13:26:40.387241+00:00,2026-06-09T09:26:40.387241-04:00,highest-temperature-in-los-angeles-on-june-9-2026,2026-06-09T13:21:06.495533Z,v0.5.0 HGBC feature-based ML model,72,0.734565270425097,74-75°F,eq,74,0.007613058515995993,0.155,0.845,-0.147386941484004,0.14,0.17,0.17,2520.6358010000004,925.7278,active,63.0,61.0,70.0,,71.0,72.1,
20260609T092640-0400,2026-06-09T13:26:40.387241+00:00,2026-06-09T09:26:40.387241-04:00,highest-temperature-in-los-angeles-on-june-9-2026,2026-06-09T13:21:06.495533Z,v0.5.0 HGBC feature-based ML model,72,0.734565270425097,76-77°F,eq,76,3.6125004343864336e-05,0.0135,0.9865,-0.013463874995656136,0.008,0.019,0.019,1085.3703910000002,592.55657,active,63.0,61.0,70.0,,71.0,72.1,
20260609T092640-0400,2026-06-09T13:26:40.387241+00:00,2026-06-09T09:26:40.387241-04:00,highest-temperature-in-los-angeles-on-june-9-2026,2026-06-09T13:21:06.495533Z,v0.5.0 HGBC feature-based ML model,72,0.734565270425097,78-79°F,eq,78,7.612079594618912e-06,0.003,0.997,-0.0029923879204053812,0.001,0.005,0.005,2931.9363,2236.1259,active,63.0,61.0,70.0,,71.0,72.1,
20260609T092640-0400,2026-06-09T13:26:40.387241+00:00,2026-06-09T09:26:40.387241-04:00,highest-temperature-in-los-angeles-on-june-9-2026,2026-06-09T13:21:06.495533Z,v0.5.0 HGBC feature-based ML model,72,0.734565270425097,80-81°F,eq,80,4.5114791126097385e-08,0.003,0.997,-0.002999954885208874,,0.006,0.005,1125.2530000000002,2295.98538,active,63.0,61.0,70.0,,71.0,72.1,
20260609T092640-0400,2026-06-09T13:26:40.387241+00:00,2026-06-09T09:26:40.387241-04:00,highest-temperature-in-los-angeles-on-june-9-2026,2026-06-09T13:21:06.495533Z,v0.5.0 HGBC feature-based ML model,72,0.734565270425097,82-83°F,eq,82,3.5282643140892773e-09,0.0005,0.9995,-0.0004999964717356859,,0.001,0.003,526.2855000000002,1977.16148,active,63.0,61.0,70.0,,71.0,72.1,
20260609T092640-0400,2026-06-09T13:26:40.387241+00:00,2026-06-09T09:26:40.387241-04:00,highest-temperature-in-los-angeles-on-june-9-2026,2026-06-09T13:21:06.495533Z,v0.5.0 HGBC feature-based ML model,72,0.734565270425097,84°F or higher,gte,84,1.5237330933337093e-10,0.0005,0.9995,-0.0004999998476266907,,0.001,0.003,588.2815999999999,2054.07088,active,63.0,61.0,70.0,,71.0,72.1,
20260609T093653-0400,2026-06-09T13:36:53.303923+00:00,2026-06-09T09:36:53.303923-04:00,highest-temperature-in-los-angeles-on-june-9-2026,2026-06-09T13:29:16.046959Z,v0.5.0 HGBC feature-based ML model,72,0.7428786689690998,65°F or below,lte,65,0.000523389086005949,0.0005,0.9995,2.338908600594896e-05,,0.001,,700.2278500000001,4124.75232,active,63.0,61.0,70.0,,71.0,72.1,
20260609T093653-0400,2026-06-09T13:36:53.303923+00:00,2026-06-09T09:36:53.303923-04:00,highest-temperature-in-los-angeles-on-june-9-2026,2026-06-09T13:29:16.046959Z,v0.5.0 HGBC feature-based ML model,72,0.7428786689690998,66-67°F,eq,66,0.004381220454154927,0.0005,0.9995,0.003881220454154927,,0.001,,2303.528259,2701.69197,active,63.0,61.0,70.0,,71.0,72.1,
20260609T093653-0400,2026-06-09T13:36:53.303923+00:00,2026-06-09T09:36:53.303923-04:00,highest-temperature-in-los-angeles-on-june-9-2026,2026-06-09T13:29:16.046959Z,v0.5.0 HGBC feature-based ML model,72,0.7428786689690998,68-69°F,eq,68,0.03040603281561927,0.0015,0.9985,0.028906032815619268,0.001,0.002,0.002,2874.0017429999994,1406.65037,active,63.0,61.0,70.0,,71.0,72.1,
20260609T093653-0400,2026-06-09T13:36:53.303923+00:00,2026-06-09T09:36:53.303923-04:00,highest-temperature-in-los-angeles-on-june-9-2026,2026-06-09T13:29:16.046959Z,v0.5.0 HGBC feature-based ML model,72,0.7428786689690998,70-71°F,eq,70,0.11976273921756829,0.15,0.85,-0.030237260782431705,0.14,0.16,0.16,2567.7793110000007,884.5388,active,63.0,61.0,70.0,,71.0,72.1,
20260609T093653-0400,2026-06-09T13:36:53.303923+00:00,2026-06-09T09:36:53.303923-04:00,highest-temperature-in-los-angeles-on-june-9-2026,2026-06-09T13:29:16.046959Z,v0.5.0 HGBC feature-based ML model,72,0.7428786689690998,72-73°F,eq,72,0.8400439694621975,0.675,0.325,0.16504396946219746,0.66,0.69,0.67,2711.9482059999996,1635.4111,active,63.0,61.0,70.0,,71.0,72.1,
20260609T093653-0400,2026-06-09T13:36:53.303923+00:00,2026-06-09T09:36:53.303923-04:00,highest-temperature-in-los-angeles-on-june-9-2026,2026-06-09T13:29:16.046959Z,v0.5.0 HGBC feature-based ML model,72,0.7428786689690998,74-75°F,eq,74,0.004847179594761079,0.18,0.82,-0.1751528204052389,0.16,0.2,0.18,2548.726911,699.5697,active,63.0,61.0,70.0,,71.0,72.1,
20260609T093653-0400,2026-06-09T13:36:53.303923+00:00,2026-06-09T09:36:53.303923-04:00,highest-temperature-in-los-angeles-on-june-9-2026,2026-06-09T13:29:16.046959Z,v0.5.0 HGBC feature-based ML model,72,0.7428786689690998,76-77°F,eq,76,2.8721106172930248e-05,0.0135,0.9865,-0.01347127889382707,0.008,0.019,0.019,1085.3703910000002,660.30717,active,63.0,61.0,70.0,,71.0,72.1,
20260609T093653-0400,2026-06-09T13:36:53.303923+00:00,2026-06-09T09:36:53.303923-04:00,highest-temperature-in-los-angeles-on-june-9-2026,2026-06-09T13:29:16.046959Z,v0.5.0 HGBC feature-based ML model,72,0.7428786689690998,78-79°F,eq,78,6.705722106192043e-06,0.003,0.997,-0.002993294277893808,0.001,0.005,0.005,2931.9363,2492.8423,active,63.0,61.0,70.0,,71.0,72.1,
20260609T093653-0400,2026-06-09T13:36:53.303923+00:00,2026-06-09T09:36:53.303923-04:00,highest-temperature-in-los-angeles-on-june-9-2026,2026-06-09T13:29:16.046959Z,v0.5.0 HGBC feature-based ML model,72,0.7428786689690998,80-81°F,eq,80,3.934792426770175e-08,0.0015,0.9985,-0.0014999606520757324,,0.003,0.005,1125.2530000000002,2456.58934,active,63.0,61.0,70.0,,71.0,72.1,
20260609T093653-0400,2026-06-09T13:36:53.303923+00:00,2026-06-09T09:36:53.303923-04:00,highest-temperature-in-los-angeles-on-june-9-2026,2026-06-09T13:29:16.046959Z,v0.5.0 HGBC feature-based ML model,72,0.7428786689690998,82-83°F,eq,82,3.078916556443167e-09,0.0005,0.9995,-0.0004999969210834435,,0.001,0.003,526.2855000000002,2177.16148,active,63.0,61.0,70.0,,71.0,72.1,
20260609T093653-0400,2026-06-09T13:36:53.303923+00:00,2026-06-09T09:36:53.303923-04:00,highest-temperature-in-los-angeles-on-june-9-2026,2026-06-09T13:29:16.046959Z,v0.5.0 HGBC feature-based ML model,72,0.7428786689690998,84°F or higher,gte,84,1.1457307820299566e-10,0.0005,0.9995,-0.0004999998854269218,,0.001,0.003,588.2815999999999,2370.86188,active,63.0,61.0,70.0,,71.0,72.1,
20260609T094708-0400,2026-06-09T13:47:08.591173+00:00,2026-06-09T09:47:08.591173-04:00,highest-temperature-in-los-angeles-on-june-9-2026,2026-06-09T13:40:50.504815Z,v0.5.0 HGBC feature-based ML model,72,0.7428786689690998,65°F or below,lte,65,0.000523389086005949,0.0005,0.9995,2.338908600594896e-05,,0.001,,700.2278500000001,4124.75232,active,63.0,61.0,70.0,,71.0,72.1,
20260609T094708-0400,2026-06-09T13:47:08.591173+00:00,2026-06-09T09:47:08.591173-04:00,highest-temperature-in-los-angeles-on-june-9-2026,2026-06-09T13:40:50.504815Z,v0.5.0 HGBC feature-based ML model,72,0.7428786689690998,66-67°F,eq,66,0.004381220454154927,0.0005,0.9995,0.003881220454154927,,0.001,,2303.528259,2767.22597,active,63.0,61.0,70.0,,71.0,72.1,
20260609T094708-0400,2026-06-09T13:47:08.591173+00:00,2026-06-09T09:47:08.591173-04:00,highest-temperature-in-los-angeles-on-june-9-2026,2026-06-09T13:40:50.504815Z,v0.5.0 HGBC feature-based ML model,72,0.7428786689690998,68-69°F,eq,68,0.03040603281561927,0.0005,0.9995,0.02990603281561927,,0.001,0.002,3700.3417429999995,1795.67561,active,63.0,61.0,70.0,,71.0,72.1,
20260609T094708-0400,2026-06-09T13:47:08.591173+00:00,2026-06-09T09:47:08.591173-04:00,highest-temperature-in-los-angeles-on-june-9-2026,2026-06-09T13:40:50.504815Z,v0.5.0 HGBC feature-based ML model,72,0.7428786689690998,70-71°F,eq,70,0.11976273921756829,0.155,0.845,-0.03523726078243171,0.15,0.16,0.15,2587.7793110000007,755.5773,active,63.0,61.0,70.0,,71.0,72.1,
20260609T094708-0400,2026-06-09T13:47:08.591173+00:00,2026-06-09T09:47:08.591173-04:00,highest-temperature-in-los-angeles-on-june-9-2026,2026-06-09T13:40:50.504815Z,v0.5.0 HGBC feature-based ML model,72,0.7428786689690998,72-73°F,eq,72,0.8400439694621975,0.68,0.32,0.16004396946219746,0.67,0.69,0.67,2711.9482059999996,1889.1314,active,63.0,61.0,70.0,,71.0,72.1,
20260609T094708-0400,2026-06-09T13:47:08.591173+00:00,2026-06-09T09:47:08.591173-04:00,highest-temperature-in-los-angeles-on-june-9-2026,2026-06-09T13:40:50.504815Z,v0.5.0 HGBC feature-based ML model,72,0.7428786689690998,74-75°F,eq,74,0.004847179594761079,0.18,0.82,-0.1751528204052389,0.17,0.19,0.18,2548.726911,778.6203,active,63.0,61.0,70.0,,71.0,72.1,
20260609T094708-0400,2026-06-09T13:47:08.591173+00:00,2026-06-09T09:47:08.591173-04:00,highest-temperature-in-los-angeles-on-june-9-2026,2026-06-09T13:40:50.504815Z,v0.5.0 HGBC feature-based ML model,72,0.7428786689690998,76-77°F,eq,76,2.8721106172930248e-05,0.013,0.987,-0.012971278893827069,0.008,0.018,0.019,1085.3703910000002,675.33757,active,63.0,61.0,70.0,,71.0,72.1,
20260609T094708-0400,2026-06-09T13:47:08.591173+00:00,2026-06-09T09:47:08.591173-04:00,highest-temperature-in-los-angeles-on-june-9-2026,2026-06-09T13:40:50.504815Z,v0.5.0 HGBC feature-based ML model,72,0.7428786689690998,78-79°F,eq,78,6.705722106192043e-06,0.003,0.997,-0.002993294277893808,0.001,0.005,0.005,2931.9363,2564.2623,active,63.0,61.0,70.0,,71.0,72.1,
20260609T094708-0400,2026-06-09T13:47:08.591173+00:00,2026-06-09T09:47:08.591173-04:00,highest-temperature-in-los-angeles-on-june-9-2026,2026-06-09T13:40:50.504815Z,v0.5.0 HGBC feature-based ML model,72,0.7428786689690998,80-81°F,eq,80,3.934792426770175e-08,0.0015,0.9985,-0.0014999606520757324,,0.003,0.005,1125.2530000000002,2450.52444,active,63.0,61.0,70.0,,71.0,72.1,
20260609T094708-0400,2026-06-09T13:47:08.591173+00:00,2026-06-09T09:47:08.591173-04:00,highest-temperature-in-los-angeles-on-june-9-2026,2026-06-09T13:40:50.504815Z,v0.5.0 HGBC feature-based ML model,72,0.7428786689690998,82-83°F,eq,82,3.078916556443167e-09,0.0005,0.9995,-0.0004999969210834435,,0.001,0.003,526.2855000000002,2177.16148,active,63.0,61.0,70.0,,71.0,72.1,
20260609T094708-0400,2026-06-09T13:47:08.591173+00:00,2026-06-09T09:47:08.591173-04:00,highest-temperature-in-los-angeles-on-june-9-2026,2026-06-09T13:40:50.504815Z,v0.5.0 HGBC feature-based ML model,72,0.7428786689690998,84°F or higher,gte,84,1.1457307820299566e-10,0.0005,0.9995,-0.0004999998854269218,,0.001,0.003,588.2815999999999,2370.86188,active,63.0,61.0,70.0,,71.0,72.1,
20260609T095725-0400,2026-06-09T13:57:25.133860+00:00,2026-06-09T09:57:25.133860-04:00,highest-temperature-in-los-angeles-on-june-9-2026,2026-06-09T13:48:33.384834Z,v0.5.0 HGBC feature-based ML model,72,0.7464222568945351,65°F or below,lte,65,0.000419627587944226,0.0005,0.9995,-8.037241205577399e-05,,0.001,,700.2278500000001,4128.05232,active,63.0,61.0,70.0,,71.0,72.1,
20260609T095725-0400,2026-06-09T13:57:25.133860+00:00,2026-06-09T09:57:25.133860-04:00,highest-temperature-in-los-angeles-on-june-9-2026,2026-06-09T13:48:33.384834Z,v0.5.0 HGBC feature-based ML model,72,0.7464222568945351,66-67°F,eq,66,0.0043629437397000315,0.0005,0.9995,0.0038629437397000315,,0.001,,2303.528259,2701.69697,active,63.0,61.0,70.0,,71.0,72.1,
20260609T095725-0400,2026-06-09T13:57:25.133860+00:00,2026-06-09T09:57:25.133860-04:00,highest-temperature-in-los-angeles-on-june-9-2026,2026-06-09T13:48:33.384834Z,v0.5.0 HGBC feature-based ML model,72,0.7464222568945351,68-69°F,eq,68,0.031070224547796135,0.0005,0.9995,0.030570224547796135,,0.001,0.002,3700.3417429999995,1798.43311,active,63.0,61.0,70.0,,71.0,72.1,
20260609T095725-0400,2026-06-09T13:57:25.133860+00:00,2026-06-09T09:57:25.133860-04:00,highest-temperature-in-los-angeles-on-june-9-2026,2026-06-09T13:48:33.384834Z,v0.5.0 HGBC feature-based ML model,72,0.7464222568945351,70-71°F,eq,70,0.1179233044097572,0.155,0.845,-0.037076695590242806,0.15,0.16,0.15,2587.7793110000007,743.7533,active,63.0,61.0,70.0,,71.0,72.1,
20260609T095725-0400,2026-06-09T13:57:25.133860+00:00,2026-06-09T09:57:25.133860-04:00,highest-temperature-in-los-angeles-on-june-9-2026,2026-06-09T13:48:33.384834Z,v0.5.0 HGBC feature-based ML model,72,0.7464222568945351,72-73°F,eq,72,0.8419644236097588,0.67,0.33,0.17196442360975872,0.66,0.68,0.67,2711.9482059999996,1762.6594,active,63.0,61.0,70.0,,71.0,72.1,
20260609T095725-0400,2026-06-09T13:57:25.133860+00:00,2026-06-09T09:57:25.133860-04:00,highest-temperature-in-los-angeles-on-june-9-2026,2026-06-09T13:48:33.384834Z,v0.5.0 HGBC feature-based ML model,72,0.7464222568945351,74-75°F,eq,74,0.004228089219133251,0.18,0.82,-0.17577191078086674,0.17,0.19,0.18,2548.726911,773.2142,active,63.0,61.0,70.0,,71.0,72.1,
20260609T095725-0400,2026-06-09T13:57:25.133860+00:00,2026-06-09T09:57:25.133860-04:00,highest-temperature-in-los-angeles-on-june-9-2026,2026-06-09T13:48:33.384834Z,v0.5.0 HGBC feature-based ML model,72,0.7464222568945351,76-77°F,eq,76,2.510364759556024e-05,0.0135,0.9865,-0.013474896352404439,0.008,0.019,0.019,1085.3703910000002,682.12057,active,63.0,61.0,70.0,,71.0,72.1,
20260609T095725-0400,2026-06-09T13:57:25.133860+00:00,2026-06-09T09:57:25.133860-04:00,highest-temperature-in-los-angeles-on-june-9-2026,2026-06-09T13:48:33.384834Z,v0.5.0 HGBC feature-based ML model,72,0.7464222568945351,78-79°F,eq,78,6.2194313636852205e-06,0.002,0.998,-0.001993780568636315,0.001,0.003,0.005,2931.9363,3193.88414,active,63.0,61.0,70.0,,71.0,72.1,
20260609T095725-0400,2026-06-09T13:57:25.133860+00:00,2026-06-09T09:57:25.133860-04:00,highest-temperature-in-los-angeles-on-june-9-2026,2026-06-09T13:48:33.384834Z,v0.5.0 HGBC feature-based ML model,72,0.7464222568945351,80-81°F,eq,80,6.084083810965972e-08,0.0015,0.9985,-0.0014999391591618903,,0.003,0.005,1125.2530000000002,2449.62444,active,63.0,61.0,70.0,,71.0,72.1,
20260609T095725-0400,2026-06-09T13:57:25.133860+00:00,2026-06-09T09:57:25.133860-04:00,highest-temperature-in-los-angeles-on-june-9-2026,2026-06-09T13:48:33.384834Z,v0.5.0 HGBC feature-based ML model,72,0.7464222568945351,82-83°F,eq,82,2.85872579324146e-09,0.0005,0.9995,-0.0004999971412742068,,0.001,0.003,526.2855000000002,2182.44148,active,63.0,61.0,70.0,,71.0,72.1,
20260609T095725-0400,2026-06-09T13:57:25.133860+00:00,2026-06-09T09:57:25.133860-04:00,highest-temperature-in-los-angeles-on-june-9-2026,2026-06-09T13:48:33.384834Z,v0.5.0 HGBC feature-based ML model,72,0.7464222568945351,84°F or higher,gte,84,1.0738736398314229e-10,0.0005,0.9995,-0.000499999892612636,,0.001,0.003,588.2815999999999,2444.81188,active,63.0,61.0,70.0,,71.0,72.1,
20260609T100747-0400,2026-06-09T14:07:47.044598+00:00,2026-06-09T10:07:47.044598-04:00,highest-temperature-in-los-angeles-on-june-9-2026,2026-06-09T14:06:43.946606Z,v0.5.0 HGBC feature-based ML model,72,0.7451001238619726,65°F or below,lte,65,0.00040769375576579065,0.0005,0.9995,-9.230624423420936e-05,,0.001,,700.2278500000001,3776.25732,active,63.0,62.0,62.0,,71.0,72.1,
20260609T100747-0400,2026-06-09T14:07:47.044598+00:00,2026-06-09T10:07:47.044598-04:00,highest-temperature-in-los-angeles-on-june-9-2026,2026-06-09T14:06:43.946606Z,v0.5.0 HGBC feature-based ML model,72,0.7451001238619726,66-67°F,eq,66,0.004128701078120422,0.0005,0.9995,0.003628701078120422,,0.001,,2303.528259,2634.66197,active,63.0,62.0,62.0,,71.0,72.1,
20260609T100747-0400,2026-06-09T14:07:47.044598+00:00,2026-06-09T10:07:47.044598-04:00,highest-temperature-in-los-angeles-on-june-9-2026,2026-06-09T14:06:43.946606Z,v0.5.0 HGBC feature-based ML model,72,0.7451001238619726,68-69°F,eq,68,0.03039064091048998,0.0005,0.9995,0.029890640910489978,,0.001,0.002,3700.3417429999995,2114.69411,active,63.0,62.0,62.0,,71.0,72.1,
20260609T100747-0400,2026-06-09T14:07:47.044598+00:00,2026-06-09T10:07:47.044598-04:00,highest-temperature-in-los-angeles-on-june-9-2026,2026-06-09T14:06:43.946606Z,v0.5.0 HGBC feature-based ML model,72,0.7451001238619726,70-71°F,eq,70,0.11923139315615694,0.15,0.85,-0.030768606843843055,0.14,0.16,0.15,2587.7793110000007,788.4979,active,63.0,62.0,62.0,,71.0,72.1,
20260609T100747-0400,2026-06-09T14:07:47.044598+00:00,2026-06-09T10:07:47.044598-04:00,highest-temperature-in-los-angeles-on-june-9-2026,2026-06-09T14:06:43.946606Z,v0.5.0 HGBC feature-based ML model,72,0.7451001238619726,72-73°F,eq,72,0.8410027292030461,0.675,0.325,0.16600272920304604,0.66,0.69,0.67,2723.9187909999996,1562.5099,active,63.0,62.0,62.0,,71.0,72.1,
20260609T100747-0400,2026-06-09T14:07:47.044598+00:00,2026-06-09T10:07:47.044598-04:00,highest-temperature-in-los-angeles-on-june-9-2026,2026-06-09T14:06:43.946606Z,v0.5.0 HGBC feature-based ML model,72,0.7451001238619726,74-75°F,eq,74,0.004806743819366948,0.21,0.79,-0.20519325618063305,0.2,0.22,0.21,2565.250719,962.9513,active,63.0,62.0,62.0,,71.0,72.1,
20260609T100747-0400,2026-06-09T14:07:47.044598+00:00,2026-06-09T10:07:47.044598-04:00,highest-temperature-in-los-angeles-on-june-9-2026,2026-06-09T14:06:43.946606Z,v0.5.0 HGBC feature-based ML model,72,0.7451001238619726,76-77°F,eq,76,2.5747833523430967e-05,0.0135,0.9865,-0.01347425216647657,0.008,0.019,0.019,1085.3703910000002,622.33398,active,63.0,62.0,62.0,,71.0,72.1,
20260609T100747-0400,2026-06-09T14:07:47.044598+00:00,2026-06-09T10:07:47.044598-04:00,highest-temperature-in-los-angeles-on-june-9-2026,2026-06-09T14:06:43.946606Z,v0.5.0 HGBC feature-based ML model,72,0.7451001238619726,78-79°F,eq,78,6.286124784881202e-06,0.002,0.998,-0.001993713875215119,0.001,0.003,0.005,2931.9363,3043.28914,active,63.0,62.0,62.0,,71.0,72.1,
20260609T100747-0400,2026-06-09T14:07:47.044598+00:00,2026-06-09T10:07:47.044598-04:00,highest-temperature-in-los-angeles-on-june-9-2026,2026-06-09T14:06:43.946606Z,v0.5.0 HGBC feature-based ML model,72,0.7451001238619726,80-81°F,eq,80,6.112229811965177e-08,0.0015,0.9985,-0.0014999388777018803,,0.003,0.005,1125.2530000000002,2378.65544,active,63.0,62.0,62.0,,71.0,72.1,
20260609T100747-0400,2026-06-09T14:07:47.044598+00:00,2026-06-09T10:07:47.044598-04:00,highest-temperature-in-los-angeles-on-june-9-2026,2026-06-09T14:06:43.946606Z,v0.5.0 HGBC feature-based ML model,72,0.7451001238619726,82-83°F,eq,82,2.887857921875056e-09,0.0005,0.9995,-0.0004999971121420781,,0.001,0.003,526.2855000000002,2080.98148,active,63.0,62.0,62.0,,71.0,72.1,
20260609T100747-0400,2026-06-09T14:07:47.044598+00:00,2026-06-09T10:07:47.044598-04:00,highest-temperature-in-los-angeles-on-june-9-2026,2026-06-09T14:06:43.946606Z,v0.5.0 HGBC feature-based ML model,72,0.7451001238619726,84°F or higher,gte,84,1.0858955686116078e-10,0.0005,0.9995,-0.0004999998914104432,,0.001,0.003,588.2815999999999,2371.82088,active,63.0,62.0,62.0,,71.0,72.1,
20260609T101803-0400,2026-06-09T14:18:03.063036+00:00,2026-06-09T10:18:03.063036-04:00,highest-temperature-in-los-angeles-on-june-9-2026,2026-06-09T14:15:22.053992Z,v0.5.0 HGBC feature-based ML model,72,0.7449288501603067,65°F or below,lte,65,0.00041083902542855106,0.0005,0.9995,-8.916097457144895e-05,,0.001,,700.2278500000001,3926.41832,active,63.0,63.0,63.0,,71.0,72.1,
20260609T101803-0400,2026-06-09T14:18:03.063036+00:00,2026-06-09T10:18:03.063036-04:00,highest-temperature-in-los-angeles-on-june-9-2026,2026-06-09T14:15:22.053992Z,v0.5.0 HGBC feature-based ML model,72,0.7449288501603067,66-67°F,eq,66,0.0040063418818890835,0.0005,0.9995,0.0035063418818890835,,0.001,,2303.528259,3056.83697,active,63.0,63.0,63.0,,71.0,72.1,
20260609T101803-0400,2026-06-09T14:18:03.063036+00:00,2026-06-09T10:18:03.063036-04:00,highest-temperature-in-los-angeles-on-june-9-2026,2026-06-09T14:15:22.053992Z,v0.5.0 HGBC feature-based ML model,72,0.7449288501603067,68-69°F,eq,68,0.02886716508016331,0.0005,0.9995,0.02836716508016331,,0.001,0.002,3700.3417429999995,2114.69411,active,63.0,63.0,63.0,,71.0,72.1,
20260609T101803-0400,2026-06-09T14:18:03.063036+00:00,2026-06-09T10:18:03.063036-04:00,highest-temperature-in-los-angeles-on-june-9-2026,2026-06-09T14:15:22.053992Z,v0.5.0 HGBC feature-based ML model,72,0.7449288501603067,70-71°F,eq,70,0.1207724621029202,0.15,0.85,-0.029227537897079797,0.14,0.16,0.15,2597.2993110000007,1225.5347,active,63.0,63.0,63.0,,71.0,72.1,
20260609T101803-0400,2026-06-09T14:18:03.063036+00:00,2026-06-09T10:18:03.063036-04:00,highest-temperature-in-los-angeles-on-june-9-2026,2026-06-09T14:15:22.053992Z,v0.5.0 HGBC feature-based ML model,72,0.7449288501603067,72-73°F,eq,72,0.8408314915398443,0.665,0.335,0.17583149153984423,0.65,0.68,0.67,2733.4387909999996,1751.22,active,63.0,63.0,63.0,,71.0,72.1,
20260609T101803-0400,2026-06-09T14:18:03.063036+00:00,2026-06-09T10:18:03.063036-04:00,highest-temperature-in-los-angeles-on-june-9-2026,2026-06-09T14:15:22.053992Z,v0.5.0 HGBC feature-based ML model,72,0.7449288501603067,74-75°F,eq,74,0.005071277275519414,0.21,0.79,-0.20492872272448057,0.2,0.22,0.21,2565.250719,962.9513,active,63.0,63.0,63.0,,71.0,72.1,
20260609T101803-0400,2026-06-09T14:18:03.063036+00:00,2026-06-09T10:18:03.063036-04:00,highest-temperature-in-los-angeles-on-june-9-2026,2026-06-09T14:15:22.053992Z,v0.5.0 HGBC feature-based ML model,72,0.7449288501603067,76-77°F,eq,76,3.408232625815005e-05,0.0065,0.9935,-0.0064659176737418495,0.006,0.007,0.019,1121.8803910000001,1288.66863,active,63.0,63.0,63.0,,71.0,72.1,
20260609T101803-0400,2026-06-09T14:18:03.063036+00:00,2026-06-09T10:18:03.063036-04:00,highest-temperature-in-los-angeles-on-june-9-2026,2026-06-09T14:15:22.053992Z,v0.5.0 HGBC feature-based ML model,72,0.7449288501603067,78-79°F,eq,78,6.2767163828156155e-06,0.001,0.999,-0.0009937232836171844,,0.002,0.001,3040.9363,3163.44214,active,63.0,63.0,63.0,,71.0,72.1,
20260609T101803-0400,2026-06-09T14:18:03.063036+00:00,2026-06-09T10:18:03.063036-04:00,highest-temperature-in-los-angeles-on-june-9-2026,2026-06-09T14:15:22.053992Z,v0.5.0 HGBC feature-based ML model,72,0.7449288501603067,80-81°F,eq,80,6.10607983694299e-08,0.0015,0.9985,-0.0014999389392016307,,0.003,0.005,1125.2530000000002,2699.64044,active,63.0,63.0,63.0,,71.0,72.1,
20260609T101803-0400,2026-06-09T14:18:03.063036+00:00,2026-06-09T10:18:03.063036-04:00,highest-temperature-in-los-angeles-on-june-9-2026,2026-06-09T14:15:22.053992Z,v0.5.0 HGBC feature-based ML model,72,0.7449288501603067,82-83°F,eq,82,2.8823916078660133e-09,0.0005,0.9995,-0.0004999971176083922,,0.001,0.003,526.2855000000002,2414.34148,active,63.0,63.0,63.0,,71.0,72.1,
20260609T101803-0400,2026-06-09T14:18:03.063036+00:00,2026-06-09T10:18:03.063036-04:00,highest-temperature-in-los-angeles-on-june-9-2026,2026-06-09T14:15:22.053992Z,v0.5.0 HGBC feature-based ML model,72,0.7449288501603067,84°F or higher,gte,84,1.084044718333119e-10,0.0005,0.9995,-0.0004999998915955282,,0.001,0.003,588.2815999999999,2835.12088,active,63.0,63.0,63.0,,71.0,72.1,
20260609T102816-0400,2026-06-09T14:28:16.150181+00:00,2026-06-09T10:28:16.150181-04:00,highest-temperature-in-los-angeles-on-june-9-2026,2026-06-09T14:27:01.964635Z,v0.5.0 HGBC feature-based ML model,73,0.3836794369322407,65°F or below,lte,65,0.0009482828954829355,0.0005,0.9995,0.00044828289548293546,,0.001,,700.2278500000001,3871.53732,active,64.0,63.0,63.0,,71.0,73.0,
20260609T102816-0400,2026-06-09T14:28:16.150181+00:00,2026-06-09T10:28:16.150181-04:00,highest-temperature-in-los-angeles-on-june-9-2026,2026-06-09T14:27:01.964635Z,v0.5.0 HGBC feature-based ML model,73,0.3836794369322407,66-67°F,eq,66,0.0064665728499936365,0.0005,0.9995,0.005966572849993636,,0.001,,2303.528259,2764.44197,active,64.0,63.0,63.0,,71.0,73.0,
20260609T102816-0400,2026-06-09T14:28:16.150181+00:00,2026-06-09T10:28:16.150181-04:00,highest-temperature-in-los-angeles-on-june-9-2026,2026-06-09T14:27:01.964635Z,v0.5.0 HGBC feature-based ML model,73,0.3836794369322407,68-69°F,eq,68,0.03866105197181699,0.0015,0.9985,0.03716105197181699,0.001,0.002,0.002,4122.831743,1224.64913,active,64.0,63.0,63.0,,71.0,73.0,
20260609T102816-0400,2026-06-09T14:28:16.150181+00:00,2026-06-09T10:28:16.150181-04:00,highest-temperature-in-los-angeles-on-june-9-2026,2026-06-09T14:27:01.964635Z,v0.5.0 HGBC feature-based ML model,73,0.3836794369322407,70-71°F,eq,70,0.11766486791359267,0.105,0.895,0.01266486791359267,0.1,0.11,0.12,3174.9693110000007,1084.9457,active,64.0,63.0,63.0,,71.0,73.0,
20260609T102816-0400,2026-06-09T14:28:16.150181+00:00,2026-06-09T10:28:16.150181-04:00,highest-temperature-in-los-angeles-on-june-9-2026,2026-06-09T14:27:01.964635Z,v0.5.0 HGBC feature-based ML model,73,0.3836794369322407,72-73°F,eq,72,0.6063290797447677,0.635,0.365,-0.028670920255232324,0.63,0.64,0.65,2751.4387909999996,547.914,active,64.0,63.0,63.0,,71.0,73.0,
20260609T102816-0400,2026-06-09T14:28:16.150181+00:00,2026-06-09T10:28:16.150181-04:00,highest-temperature-in-los-angeles-on-june-9-2026,2026-06-09T14:27:01.964635Z,v0.5.0 HGBC feature-based ML model,73,0.3836794369322407,74-75°F,eq,74,0.22913560385333087,0.31,0.69,-0.08086439614666913,0.28,0.34,0.22,2574.500719,501.3593,active,64.0,63.0,63.0,,71.0,73.0,
20260609T102816-0400,2026-06-09T14:28:16.150181+00:00,2026-06-09T10:28:16.150181-04:00,highest-temperature-in-los-angeles-on-june-9-2026,2026-06-09T14:27:01.964635Z,v0.5.0 HGBC feature-based ML model,73,0.3836794369322407,76-77°F,eq,76,0.0007564093313715937,0.007,0.993,-0.006243590668628406,0.006,0.008,0.008,1129.8803910000001,962.00563,active,64.0,63.0,63.0,,71.0,73.0,
20260609T102816-0400,2026-06-09T14:28:16.150181+00:00,2026-06-09T10:28:16.150181-04:00,highest-temperature-in-los-angeles-on-june-9-2026,2026-06-09T14:27:01.964635Z,v0.5.0 HGBC feature-based ML model,73,0.3836794369322407,78-79°F,eq,78,3.7638926478810616e-05,0.001,0.999,-0.0009623610735211894,,0.002,0.001,3040.9363,2768.79514,active,64.0,63.0,63.0,,71.0,73.0,
20260609T102816-0400,2026-06-09T14:28:16.150181+00:00,2026-06-09T10:28:16.150181-04:00,highest-temperature-in-los-angeles-on-june-9-2026,2026-06-09T14:27:01.964635Z,v0.5.0 HGBC feature-based ML model,73,0.3836794369322407,80-81°F,eq,80,4.7287154184968575e-07,0.0015,0.9985,-0.0014995271284581504,,0.003,0.005,1125.2530000000002,1898.12944,active,64.0,63.0,63.0,,71.0,73.0,
20260609T102816-0400,2026-06-09T14:28:16.150181+00:00,2026-06-09T10:28:16.150181-04:00,highest-temperature-in-los-angeles-on-june-9-2026,2026-06-09T14:27:01.964635Z,v0.5.0 HGBC feature-based ML model,73,0.3836794369322407,82-83°F,eq,82,1.898175219748994e-08,0.0005,0.9995,-0.0004999810182478025,,0.001,0.003,526.2855000000002,2138.84148,active,64.0,63.0,63.0,,71.0,73.0,
20260609T102816-0400,2026-06-09T14:28:16.150181+00:00,2026-06-09T10:28:16.150181-04:00,highest-temperature-in-los-angeles-on-june-9-2026,2026-06-09T14:27:01.964635Z,v0.5.0 HGBC feature-based ML model,73,0.3836794369322407,84°F or higher,gte,84,6.598711201875223e-10,0.0005,0.9995,-0.0004999993401288798,,0.001,0.003,588.2815999999999,2495.00088,active,64.0,63.0,63.0,,71.0,73.0,
20260609T103829-0400,2026-06-09T14:38:29.540551+00:00,2026-06-09T10:38:29.540551-04:00,highest-temperature-in-los-angeles-on-june-9-2026,2026-06-09T14:34:38.348941Z,v0.5.0 HGBC feature-based ML model,73,0.3838439026147108,65°F or below,lte,65,0.000520035492415364,0.0005,0.9995,2.003549241536397e-05,,0.001,,700.2278500000001,3849.10892,active,64.0,63.0,63.0,,71.0,73.0,
20260609T103829-0400,2026-06-09T14:38:29.540551+00:00,2026-06-09T10:38:29.540551-04:00,highest-temperature-in-los-angeles-on-june-9-2026,2026-06-09T14:34:38.348941Z,v0.5.0 HGBC feature-based ML model,73,0.3838439026147108,66-67°F,eq,66,0.0064693447715892275,0.0005,0.9995,0.005969344771589228,,0.001,,2303.528259,2713.14197,active,64.0,63.0,63.0,,71.0,73.0,
20260609T103829-0400,2026-06-09T14:38:29.540551+00:00,2026-06-09T10:38:29.540551-04:00,highest-temperature-in-los-angeles-on-june-9-2026,2026-06-09T14:34:38.348941Z,v0.5.0 HGBC feature-based ML model,73,0.3838439026147108,68-69°F,eq,68,0.03867762418206728,0.0015,0.9985,0.03717762418206728,0.001,0.002,0.002,4138.831743,1216.38813,active,64.0,63.0,63.0,,71.0,73.0,
20260609T103829-0400,2026-06-09T14:38:29.540551+00:00,2026-06-09T10:38:29.540551-04:00,highest-temperature-in-los-angeles-on-june-9-2026,2026-06-09T14:34:38.348941Z,v0.5.0 HGBC feature-based ML model,73,0.3838439026147108,70-71°F,eq,70,0.11771530541673042,0.075,0.925,0.04271530541673042,0.06,0.09,0.12,3182.389311000001,989.7685,active,64.0,63.0,63.0,,71.0,73.0,
20260609T103829-0400,2026-06-09T14:38:29.540551+00:00,2026-06-09T10:38:29.540551-04:00,highest-temperature-in-los-angeles-on-june-9-2026,2026-06-09T14:34:38.348941Z,v0.5.0 HGBC feature-based ML model,73,0.3838439026147108,72-73°F,eq,72,0.6065889850623396,0.61,0.39,-0.0034110149376603838,0.6,0.62,0.65,2756.4387909999996,506.5565,active,64.0,63.0,63.0,,71.0,73.0,
20260609T103829-0400,2026-06-09T14:38:29.540551+00:00,2026-06-09T10:38:29.540551-04:00,highest-temperature-in-los-angeles-on-june-9-2026,2026-06-09T14:34:38.348941Z,v0.5.0 HGBC feature-based ML model,73,0.3838439026147108,74-75°F,eq,74,0.22923382372085163,0.28,0.72,-0.050766176279148395,0.26,0.3,0.29,2595.500719,503.4012,active,64.0,63.0,63.0,,71.0,73.0,
20260609T103829-0400,2026-06-09T14:38:29.540551+00:00,2026-06-09T10:38:29.540551-04:00,highest-temperature-in-los-angeles-on-june-9-2026,2026-06-09T14:34:38.348941Z,v0.5.0 HGBC feature-based ML model,73,0.3838439026147108,76-77°F,eq,76,0.00075673356917257,0.0065,0.9935,-0.00574326643082743,0.006,0.007,0.008,1737.8803910000001,1088.6748,active,64.0,63.0,63.0,,71.0,73.0,
20260609T103829-0400,2026-06-09T14:38:29.540551+00:00,2026-06-09T10:38:29.540551-04:00,highest-temperature-in-los-angeles-on-june-9-2026,2026-06-09T14:34:38.348941Z,v0.5.0 HGBC feature-based ML model,73,0.3838439026147108,78-79°F,eq,78,3.765506055099409e-05,0.0005,0.9995,-0.00046234493944900595,,0.001,0.001,3040.9363,2902.56514,active,64.0,63.0,63.0,,71.0,73.0,
20260609T103829-0400,2026-06-09T14:38:29.540551+00:00,2026-06-09T10:38:29.540551-04:00,highest-temperature-in-los-angeles-on-june-9-2026,2026-06-09T14:34:38.348941Z,v0.5.0 HGBC feature-based ML model,73,0.3838439026147108,80-81°F,eq,80,4.7307424007472696e-07,0.0005,0.9995,-0.0004995269257599252,,0.001,0.005,1211.2530000000002,2330.64644,active,64.0,63.0,63.0,,71.0,73.0,
20260609T103829-0400,2026-06-09T14:38:29.540551+00:00,2026-06-09T10:38:29.540551-04:00,highest-temperature-in-los-angeles-on-june-9-2026,2026-06-09T14:34:38.348941Z,v0.5.0 HGBC feature-based ML model,73,0.3838439026147108,82-83°F,eq,82,1.8989888799374573e-08,0.0005,0.9995,-0.0004999810101112007,,0.001,0.003,526.2855000000002,2123.81148,active,64.0,63.0,63.0,,71.0,73.0,
20260609T103829-0400,2026-06-09T14:38:29.540551+00:00,2026-06-09T10:38:29.540551-04:00,highest-temperature-in-los-angeles-on-june-9-2026,2026-06-09T14:34:38.348941Z,v0.5.0 HGBC feature-based ML model,73,0.3838439026147108,84°F or higher,gte,84,6.601539765089129e-10,0.0005,0.9995,-0.0004999993398460235,,0.001,0.003,588.2815999999999,2429.10088,active,64.0,63.0,63.0,,71.0,73.0,
20260609T104848-0400,2026-06-09T14:48:48.881252+00:00,2026-06-09T10:48:48.881252-04:00,highest-temperature-in-los-angeles-on-june-9-2026,2026-06-09T14:44:53.141933Z,v0.5.0 HGBC feature-based ML model,73,0.284405137591025,65°F or below,lte,65,0.0006509231538631709,0.0005,0.9995,0.00015092315386317087,,0.001,,700.2278500000001,3815.48332,active,64.0,64.0,64.0,,71.0,73.0,
20260609T104848-0400,2026-06-09T14:48:48.881252+00:00,2026-06-09T10:48:48.881252-04:00,highest-temperature-in-los-angeles-on-june-9-2026,2026-06-09T14:44:53.141933Z,v0.5.0 HGBC feature-based ML model,73,0.284405137591025,66-67°F,eq,66,0.007723525030749468,0.0005,0.9995,0.007223525030749469,,0.001,,2303.528259,2683.08197,active,64.0,64.0,64.0,,71.0,73.0,
20260609T104848-0400,2026-06-09T14:48:48.881252+00:00,2026-06-09T10:48:48.881252-04:00,highest-temperature-in-los-angeles-on-june-9-2026,2026-06-09T14:44:53.141933Z,v0.5.0 HGBC feature-based ML model,73,0.284405137591025,68-69°F,eq,68,0.0428999809269235,0.0015,0.9985,0.0413999809269235,0.001,0.002,0.002,4138.831743,1190.46113,active,64.0,64.0,64.0,,71.0,73.0,
20260609T104848-0400,2026-06-09T14:48:48.881252+00:00,2026-06-09T10:48:48.881252-04:00,highest-temperature-in-los-angeles-on-june-9-2026,2026-06-09T14:44:53.141933Z,v0.5.0 HGBC feature-based ML model,73,0.284405137591025,70-71°F,eq,70,0.11336999862124389,0.07,0.93,0.04336999862124388,0.06,0.08,0.06,3200.169311000001,907.5637,active,64.0,64.0,64.0,,71.0,73.0,
20260609T104848-0400,2026-06-09T14:48:48.881252+00:00,2026-06-09T10:48:48.881252-04:00,highest-temperature-in-los-angeles-on-june-9-2026,2026-06-09T14:44:53.141933Z,v0.5.0 HGBC feature-based ML model,73,0.284405137591025,72-73°F,eq,72,0.5268676356566449,0.64,0.36,-0.11313236434335516,0.63,0.65,0.62,2803.4387909999996,456.8327,active,64.0,64.0,64.0,,71.0,73.0,
20260609T104848-0400,2026-06-09T14:48:48.881252+00:00,2026-06-09T10:48:48.881252-04:00,highest-temperature-in-los-angeles-on-june-9-2026,2026-06-09T14:44:53.141933Z,v0.5.0 HGBC feature-based ML model,73,0.284405137591025,74-75°F,eq,74,0.3073479041458512,0.27,0.73,0.03734790414585121,0.25,0.29,0.29,2628.170719,555.0971,active,64.0,64.0,64.0,,71.0,73.0,
20260609T104848-0400,2026-06-09T14:48:48.881252+00:00,2026-06-09T10:48:48.881252-04:00,highest-temperature-in-los-angeles-on-june-9-2026,2026-06-09T14:44:53.141933Z,v0.5.0 HGBC feature-based ML model,73,0.284405137591025,76-77°F,eq,76,0.0010953925447720794,0.0065,0.9935,-0.00540460745522792,0.006,0.007,0.007,1753.8803910000001,1092.3644,active,64.0,64.0,64.0,,71.0,73.0,
20260609T104848-0400,2026-06-09T14:48:48.881252+00:00,2026-06-09T10:48:48.881252-04:00,highest-temperature-in-los-angeles-on-june-9-2026,2026-06-09T14:44:53.141933Z,v0.5.0 HGBC feature-based ML model,73,0.284405137591025,78-79°F,eq,78,4.436653601600715e-05,0.0005,0.9995,-0.0004556334639839929,,0.001,0.001,3095.8563,2802.41546,active,64.0,64.0,64.0,,71.0,73.0,
20260609T104848-0400,2026-06-09T14:48:48.881252+00:00,2026-06-09T10:48:48.881252-04:00,highest-temperature-in-los-angeles-on-june-9-2026,2026-06-09T14:44:53.141933Z,v0.5.0 HGBC feature-based ML model,73,0.284405137591025,80-81°F,eq,80,2.4982904103073715e-07,0.0005,0.9995,-0.0004997501709589693,,0.001,0.005,1311.2530000000002,2199.98644,active,64.0,64.0,64.0,,71.0,73.0,
20260609T104848-0400,2026-06-09T14:48:48.881252+00:00,2026-06-09T10:48:48.881252-04:00,highest-temperature-in-los-angeles-on-june-9-2026,2026-06-09T14:44:53.141933Z,v0.5.0 HGBC feature-based ML model,73,0.284405137591025,82-83°F,eq,82,2.277730003353219e-08,0.0005,0.9995,-0.0004999772226999665,,0.001,0.003,526.2855000000002,2088.11548,active,64.0,64.0,64.0,,71.0,73.0,
20260609T104848-0400,2026-06-09T14:48:48.881252+00:00,2026-06-09T10:48:48.881252-04:00,highest-temperature-in-los-angeles-on-june-9-2026,2026-06-09T14:44:53.141933Z,v0.5.0 HGBC feature-based ML model,73,0.284405137591025,84°F or higher,gte,84,7.775949679509013e-10,0.0005,0.9995,-0.0004999992224050321,,0.001,0.003,588.2815999999999,2399.24088,active,64.0,64.0,64.0,,71.0,73.0,
